"val","p1","p2","p3","p4","p5","p6","p7","p8","p9","p10","p11","p12","p13","p14","p15","p16","p17","p18","p19","p20","p21","p22","p23","p24","p25","p26","p27","p28","p29","p30","p31","p32","p33","p34","p35","p36","p37","p38","p39","p40","p41","p42","p43","p44","p45","p46","p47","p48","p49","p50","p51","p52","p53","p54","p55","p56","p57","p58","p59","p60","p61","p62","p63","p64","p65","p66","p67","p68","p69","p70","p71","p72","p73","p74","p75","p76","p77","p78","p79","p80","p81","p82","p83","p84","p85","p86","p87","p88","p89","p90","p91","p92","p93","p94","p95","p96","p97","p98","p99","p100"
56.8066954148796,"G3N577","G3N680","G3N858","G3N8J1","G3N8Q3","G3N8X9","G3N9I0","G3NA14","G3NBA2","G3NBM8","G3NCL3","G3NDE4","G3NEJ2","G3NFC1","G3NFG6","G3NGD3","G3NGT4","G3NGU5","G3NI60","G3NIW2","G3NJ74","G3NJS1","G3NJU3","G3NLD8","G3NMF2","G3NNM8","G3NNT7","G3NPA2","G3NRG5","G3NRK0","G3NSC0","G3NU97","G3NUM7","G3NW63","G3NX96","G3NXW0","G3NY15","G3NY67","G3NYB9","G3NZE0","G3NZH1","G3NZN3","G3P082","G3P1D2","G3P3A2","G3P5J3","G3P5V0","G3P6R2","G3P846","G3P8F3","G3P920","G3PBF5","G3PC16","G3PCK3","G3PDR7","G3PDV0","G3PGM9","G3PH67","G3PH93","G3PIX9","G3PJ29","G3PJH2","G3PKP7","G3PLE8","G3PM59","G3PM61","G3PNK3","G3PP08","G3PPP6","G3PPP7","G3PQL2","G3PQX4","G3PT54","G3PUL8","G3PVK9","G3PVY2","G3PXF9","G3PXM2","G3PY88","G3PYA1","G3PYU1","G3PZH5","G3PZK8","G3Q040","G3Q162","G3Q163","G3Q2D6","G3Q2Y3","G3Q3A5","G3Q3C4","G3Q3Z6","G3Q402","G3Q407","G3Q486","G3Q659","G3Q6T4","G3Q972","G3QAJ2","G3QC15","Q804E3"
56.8043337828601,"G3N577","G3N680","G3N858","G3N8J1","G3N8Q3","G3N8X9","G3N9I0","G3NA14","G3NBA2","G3NBM8","G3NCL3","G3NDE4","G3NFC1","G3NFG6","G3NGD3","G3NGT4","G3NGU5","G3NI60","G3NIW2","G3NJ74","G3NJS1","G3NJU3","G3NLD8","G3NMF2","G3NNM8","G3NNT7","G3NPA2","G3NRG5","G3NRK0","G3NS10","G3NSC0","G3NU97","G3NUA6","G3NUM7","G3NW63","G3NX96","G3NXW0","G3NY15","G3NY67","G3NYB9","G3NZE0","G3NZH1","G3NZN3","G3P082","G3P1D2","G3P3A2","G3P5J3","G3P5V0","G3P6R2","G3P846","G3P8F3","G3P920","G3PBF5","G3PC16","G3PCK3","G3PDR7","G3PDV0","G3PGM9","G3PH93","G3PIX9","G3PJ29","G3PJH2","G3PKP7","G3PLE8","G3PM59","G3PM61","G3PNK3","G3PP08","G3PP48","G3PPP6","G3PQL2","G3PQX4","G3PT54","G3PUL8","G3PVG3","G3PVK9","G3PVY2","G3PXM2","G3PY88","G3PYA1","G3PYU1","G3PZH5","G3PZK8","G3Q040","G3Q162","G3Q163","G3Q2D6","G3Q2Y3","G3Q3A5","G3Q3C4","G3Q3Z6","G3Q402","G3Q407","G3Q486","G3Q659","G3Q6T4","G3Q972","G3QAJ2","G3QC15","Q804E3"
56.8029249669918,"G3N577","G3N680","G3N858","G3N8J1","G3N8Q3","G3N8X9","G3N9I0","G3NA14","G3NBA2","G3NBM8","G3NCL3","G3NDE4","G3NFC1","G3NFG6","G3NGD3","G3NGT4","G3NGU5","G3NI60","G3NIW2","G3NJ74","G3NJS1","G3NJU3","G3NLD8","G3NMF2","G3NNM8","G3NNT7","G3NPA2","G3NRG5","G3NRK0","G3NS10","G3NSC0","G3NU97","G3NUA6","G3NUM7","G3NW63","G3NX96","G3NXW0","G3NY15","G3NY67","G3NYB9","G3NZE0","G3NZH1","G3NZN3","G3P082","G3P1D2","G3P3A2","G3P5J3","G3P5V0","G3P6R2","G3P846","G3P920","G3PBF5","G3PC16","G3PCK3","G3PDR7","G3PDV0","G3PGM9","G3PH93","G3PIX9","G3PJ29","G3PJH2","G3PKP7","G3PLE8","G3PM59","G3PM61","G3PNK3","G3PP08","G3PP48","G3PPP6","G3PPP7","G3PQL2","G3PQX4","G3PT54","G3PUL8","G3PVK9","G3PVY2","G3PXM2","G3PY88","G3PYA1","G3PYU1","G3PZH5","G3PZK8","G3Q040","G3Q0S4","G3Q162","G3Q163","G3Q2D6","G3Q2Y3","G3Q3A5","G3Q3C4","G3Q3Z6","G3Q402","G3Q407","G3Q486","G3Q659","G3Q6T4","G3Q972","G3QAJ2","G3QC15","Q804E3"
56.8018931774753,"G3N577","G3N680","G3N858","G3N8J1","G3N8Q3","G3N8X9","G3N9I0","G3NA14","G3NBA2","G3NBM8","G3NCL3","G3NDE4","G3NFC1","G3NFG6","G3NGT4","G3NGU5","G3NI60","G3NIW2","G3NJ74","G3NJS1","G3NJU3","G3NLD8","G3NMF2","G3NNM8","G3NNT7","G3NPA2","G3NRG5","G3NRK0","G3NS10","G3NSC0","G3NU97","G3NUA6","G3NUM7","G3NW63","G3NX96","G3NXW0","G3NY15","G3NY67","G3NYB9","G3NZE0","G3NZH1","G3NZN3","G3P082","G3P1D2","G3P3A2","G3P5J3","G3P5V0","G3P6R2","G3P846","G3P8F3","G3P920","G3PBF5","G3PC16","G3PCK3","G3PDR7","G3PDV0","G3PGM9","G3PH93","G3PIX9","G3PJ29","G3PJH2","G3PKP7","G3PLE8","G3PM59","G3PM61","G3PNK3","G3PP08","G3PP48","G3PPP6","G3PPP7","G3PQL2","G3PQX4","G3PT54","G3PUL8","G3PVK9","G3PVY2","G3PXM2","G3PY88","G3PYA1","G3PYU1","G3PZH5","G3PZK8","G3Q040","G3Q0S4","G3Q162","G3Q163","G3Q2D6","G3Q2Y3","G3Q3A5","G3Q3C4","G3Q3Z6","G3Q402","G3Q407","G3Q486","G3Q659","G3Q6T4","G3Q972","G3QAJ2","G3QC15","Q804E3"
56.8014586305585,"G3N577","G3N680","G3N858","G3N8J1","G3N8X9","G3N9I0","G3NA14","G3NBA2","G3NBM8","G3NCL3","G3NDE4","G3NFG6","G3NGU5","G3NI60","G3NIW2","G3NJ74","G3NJS1","G3NJU3","G3NLD8","G3NMF2","G3NMY8","G3NNM8","G3NNT7","G3NPA2","G3NRG5","G3NRK0","G3NS10","G3NSC0","G3NU97","G3NUA6","G3NUM7","G3NW63","G3NX96","G3NXW0","G3NY15","G3NY67","G3NYB9","G3NZE0","G3NZH1","G3NZN3","G3P082","G3P1D2","G3P3A2","G3P550","G3P5J3","G3P5V0","G3P6R2","G3P846","G3P920","G3PBF5","G3PC16","G3PDR7","G3PDV0","G3PGM9","G3PH93","G3PIX9","G3PJ29","G3PJH2","G3PKP7","G3PLE8","G3PM59","G3PM61","G3PNK3","G3PNV5","G3PP08","G3PP48","G3PPP6","G3PPP7","G3PQL2","G3PQX4","G3PT54","G3PUL8","G3PVK9","G3PVY2","G3PXM2","G3PY88","G3PYA1","G3PYU1","G3PZH5","G3PZK8","G3Q040","G3Q0S4","G3Q162","G3Q163","G3Q1C4","G3Q2D6","G3Q2Y3","G3Q3A5","G3Q3C4","G3Q3Z6","G3Q402","G3Q486","G3Q4R3","G3Q659","G3Q6T4","G3Q724","G3Q972","G3QAJ2","G3QC15","Q804E3"
56.8011827955697,"G3N577","G3N680","G3N858","G3N8J1","G3N8X9","G3N9I0","G3NA14","G3NBA2","G3NBM8","G3NCL3","G3NDE4","G3NFG6","G3NGU5","G3NI60","G3NIW2","G3NJ74","G3NJS1","G3NJU3","G3NLD8","G3NMF2","G3NMY8","G3NNM8","G3NNT7","G3NPA2","G3NRG5","G3NRK0","G3NS10","G3NSC0","G3NU97","G3NUA6","G3NUM7","G3NW63","G3NX96","G3NXW0","G3NY15","G3NY67","G3NYB9","G3NZE0","G3NZH1","G3NZN3","G3P082","G3P1D2","G3P3A2","G3P550","G3P5J3","G3P5V0","G3P6R2","G3P846","G3P920","G3P9V8","G3PBF5","G3PC16","G3PDR7","G3PDV0","G3PGM9","G3PH93","G3PIA0","G3PIX9","G3PJ29","G3PJH2","G3PKP7","G3PLE8","G3PM59","G3PM61","G3PNK3","G3PP08","G3PP48","G3PPP6","G3PPP7","G3PQL2","G3PQX4","G3PT54","G3PUL8","G3PVG3","G3PVK9","G3PVY2","G3PXM2","G3PY88","G3PYA1","G3PYU1","G3PZH5","G3PZK8","G3Q040","G3Q0S4","G3Q162","G3Q163","G3Q1C4","G3Q2D6","G3Q2Y3","G3Q3A5","G3Q3C4","G3Q3Z6","G3Q402","G3Q486","G3Q659","G3Q6T4","G3Q972","G3QAJ2","G3QC15","Q804E3"
56.8009346341664,"G3N577","G3N680","G3N858","G3N8J1","G3N8Q3","G3N8X9","G3N9I0","G3NA14","G3NBA2","G3NBM8","G3NCL3","G3NDE4","G3NFC1","G3NFG6","G3NGD3","G3NGT4","G3NGU5","G3NI60","G3NIW2","G3NJ74","G3NJS1","G3NJU3","G3NLD8","G3NMF2","G3NNM8","G3NNT7","G3NPA2","G3NRG5","G3NRK0","G3NSC0","G3NU97","G3NUM7","G3NW63","G3NX96","G3NXW0","G3NY15","G3NY67","G3NYB9","G3NZE0","G3NZH1","G3NZN3","G3P082","G3P1D2","G3P3A2","G3P5J3","G3P5V0","G3P6R2","G3P846","G3P920","G3PBF5","G3PC16","G3PCK3","G3PDR7","G3PDV0","G3PGM9","G3PH67","G3PH93","G3PIX9","G3PJ29","G3PJH2","G3PKP7","G3PLE8","G3PM59","G3PM61","G3PNK3","G3PNV5","G3PP08","G3PPP6","G3PPP7","G3PQL2","G3PQX4","G3PT54","G3PUL8","G3PVK9","G3PVY2","G3PXF9","G3PXM2","G3PY88","G3PYA1","G3PYU1","G3PZH5","G3PZK8","G3Q040","G3Q162","G3Q163","G3Q2D6","G3Q2Y3","G3Q310","G3Q3A5","G3Q3C4","G3Q3Z6","G3Q402","G3Q407","G3Q486","G3Q659","G3Q6T4","G3Q972","G3QAJ2","G3QC15","Q804E3"
56.8000901529526,"G3N577","G3N680","G3N858","G3N8J1","G3N8X9","G3N9I0","G3NA14","G3NBA2","G3NBM8","G3NCL3","G3NDE4","G3NFG6","G3NGU5","G3NI60","G3NIW2","G3NJ74","G3NJS1","G3NJU3","G3NLD8","G3NMF2","G3NMY8","G3NNM8","G3NNT7","G3NPA2","G3NRG5","G3NRK0","G3NS10","G3NSC0","G3NU97","G3NUA6","G3NUM7","G3NW63","G3NX96","G3NXW0","G3NY15","G3NY67","G3NYB9","G3NZE0","G3NZH1","G3NZN3","G3P082","G3P1D2","G3P3A2","G3P550","G3P5J3","G3P5V0","G3P6R2","G3P846","G3P920","G3PBF5","G3PC16","G3PDR7","G3PDV0","G3PGM9","G3PH93","G3PIX9","G3PJ29","G3PJH2","G3PKP7","G3PLE8","G3PM59","G3PM61","G3PNK3","G3PP08","G3PP48","G3PPP6","G3PPP7","G3PQL2","G3PQX4","G3PT54","G3PUL8","G3PVG3","G3PVK9","G3PVY2","G3PXM2","G3PY88","G3PYA1","G3PYU1","G3PZH5","G3PZK8","G3Q040","G3Q0S4","G3Q162","G3Q163","G3Q1C4","G3Q2D6","G3Q2Y3","G3Q3A5","G3Q3C4","G3Q3Z6","G3Q402","G3Q486","G3Q4R3","G3Q659","G3Q6T4","G3Q724","G3Q972","G3QAJ2","G3QC15","Q804E3"
56.7993887831448,"G3N577","G3N680","G3N858","G3N8J1","G3N8Q3","G3N8X9","G3N9I0","G3NA14","G3NBA2","G3NBM8","G3NCL3","G3NDE4","G3NEJ2","G3NEJ8","G3NFC1","G3NFG6","G3NGT4","G3NGU5","G3NI60","G3NIW2","G3NJ74","G3NJS1","G3NJU3","G3NLD8","G3NMF2","G3NNM8","G3NNT7","G3NPA2","G3NRG5","G3NRK0","G3NSC0","G3NU97","G3NUM7","G3NW63","G3NX96","G3NXW0","G3NY15","G3NY67","G3NYB9","G3NZE0","G3NZH1","G3NZN3","G3P082","G3P1D2","G3P3A2","G3P5J3","G3P5V0","G3P6R2","G3P846","G3P8F3","G3P920","G3PBF5","G3PC16","G3PCK3","G3PDR7","G3PDV0","G3PGM9","G3PH93","G3PIX9","G3PJ29","G3PJH2","G3PJU0","G3PKP7","G3PLE8","G3PM59","G3PM61","G3PNK3","G3PP08","G3PPP6","G3PPP7","G3PQL2","G3PQX4","G3PT54","G3PUL8","G3PVK9","G3PVY2","G3PXF9","G3PXM2","G3PY88","G3PYA1","G3PYU1","G3PZH5","G3PZK8","G3Q040","G3Q162","G3Q163","G3Q2D6","G3Q2Y3","G3Q3A5","G3Q3C4","G3Q3Z6","G3Q402","G3Q407","G3Q486","G3Q659","G3Q6T4","G3Q972","G3QAJ2","G3QC15","Q804E3"
56.7992294907202,"G3N577","G3N680","G3N858","G3N8J1","G3N8Q3","G3N8X9","G3N9I0","G3NA14","G3NBA2","G3NBM8","G3NCL3","G3NDE4","G3NEJ2","G3NFC1","G3NFG6","G3NGT4","G3NGU5","G3NI60","G3NIW2","G3NJ74","G3NJS1","G3NJU3","G3NLD8","G3NMF2","G3NNM8","G3NNT7","G3NPA2","G3NRG5","G3NRK0","G3NS10","G3NSC0","G3NU97","G3NUM7","G3NW63","G3NX96","G3NXW0","G3NY15","G3NY67","G3NYB9","G3NZE0","G3NZH1","G3NZN3","G3P082","G3P1D2","G3P3A2","G3P5J3","G3P5V0","G3P6R2","G3P846","G3P8F3","G3P920","G3PBF5","G3PC16","G3PCK3","G3PDR7","G3PDV0","G3PGM9","G3PH93","G3PIX9","G3PJ29","G3PJH2","G3PJU0","G3PKP7","G3PLE8","G3PM59","G3PM61","G3PNK3","G3PP08","G3PPP6","G3PPP7","G3PQL2","G3PQX4","G3PT54","G3PUL8","G3PVK9","G3PVY2","G3PXM2","G3PY88","G3PYA1","G3PYU1","G3PZH5","G3PZK8","G3Q040","G3Q162","G3Q163","G3Q2D6","G3Q2Y3","G3Q3A5","G3Q3C4","G3Q3Z6","G3Q402","G3Q407","G3Q486","G3Q4R3","G3Q659","G3Q6T4","G3Q972","G3QAJ2","G3QC15","Q804E3"
56.7988792385229,"G3N577","G3N680","G3N858","G3N8J1","G3N8X9","G3N9I0","G3NA14","G3NBA2","G3NBM8","G3NCL3","G3NDE4","G3NFG6","G3NGU5","G3NI60","G3NIW2","G3NJ74","G3NJS1","G3NJU3","G3NLD8","G3NMF2","G3NMY8","G3NNM8","G3NNT7","G3NPA2","G3NRG5","G3NRK0","G3NS10","G3NSC0","G3NU97","G3NUA6","G3NUM7","G3NW63","G3NX96","G3NXW0","G3NY15","G3NY67","G3NYB9","G3NZE0","G3NZH1","G3NZN3","G3P082","G3P1D2","G3P3A2","G3P5J3","G3P5V0","G3P6R2","G3P846","G3P8F3","G3P920","G3PBF5","G3PC16","G3PDR7","G3PDV0","G3PGM9","G3PH93","G3PIA0","G3PIX9","G3PJ29","G3PJH2","G3PKP7","G3PLE8","G3PM59","G3PM61","G3PNK3","G3PP08","G3PP48","G3PPP6","G3PPP7","G3PQL2","G3PQX4","G3PT54","G3PUL8","G3PVG3","G3PVK9","G3PVY2","G3PXM2","G3PY88","G3PYA1","G3PYU1","G3PZH5","G3PZK8","G3Q040","G3Q0S4","G3Q162","G3Q163","G3Q1C4","G3Q2D6","G3Q2Y3","G3Q3A5","G3Q3C4","G3Q3Z6","G3Q402","G3Q486","G3Q659","G3Q6T4","G3Q724","G3Q972","G3QAJ2","G3QC15","Q804E3"
56.7988232732103,"G3N577","G3N680","G3N858","G3N8J1","G3N8Q3","G3N8X9","G3N9I0","G3NA14","G3NBA2","G3NBM8","G3NCL3","G3NDE4","G3NFC1","G3NFG6","G3NGD3","G3NGT4","G3NGU5","G3NI60","G3NIW2","G3NJ74","G3NJS1","G3NJU3","G3NLD8","G3NMF2","G3NNM8","G3NNT7","G3NPA2","G3NRG5","G3NRK0","G3NS10","G3NSC0","G3NU97","G3NUA6","G3NUM7","G3NW63","G3NX96","G3NXW0","G3NY15","G3NY67","G3NYB9","G3NZE0","G3NZH1","G3NZN3","G3P082","G3P1D2","G3P3A2","G3P5J3","G3P5V0","G3P6R2","G3P846","G3P8F3","G3P920","G3PBF5","G3PC16","G3PCK3","G3PDR7","G3PDV0","G3PGM9","G3PH93","G3PIX9","G3PJ29","G3PJH2","G3PKP7","G3PLE8","G3PM59","G3PM61","G3PNK3","G3PP08","G3PPP6","G3PPP7","G3PQL2","G3PQX4","G3PT54","G3PUL8","G3PVK9","G3PVY2","G3PXM2","G3PY88","G3PYA1","G3PYU1","G3PZH5","G3PZK8","G3Q040","G3Q0S4","G3Q162","G3Q163","G3Q2D6","G3Q2Y3","G3Q3A5","G3Q3C4","G3Q3Z6","G3Q402","G3Q407","G3Q486","G3Q659","G3Q6T4","G3Q972","G3QAJ2","G3QC15","Q804E3"
56.7983734114854,"G3N577","G3N680","G3N858","G3N8J1","G3N8Q3","G3N8X9","G3N9I0","G3NA14","G3NBA2","G3NBM8","G3NCL3","G3NDE4","G3NFC1","G3NFG6","G3NGT4","G3NGU5","G3NI60","G3NIW2","G3NJ74","G3NJS1","G3NJU3","G3NLD8","G3NMF2","G3NNM8","G3NNT7","G3NPA2","G3NRG5","G3NRK0","G3NS10","G3NSC0","G3NU97","G3NUA6","G3NUM7","G3NW63","G3NX96","G3NXW0","G3NY15","G3NY67","G3NYB9","G3NZE0","G3NZH1","G3NZN3","G3P082","G3P1D2","G3P3A2","G3P550","G3P5J3","G3P5V0","G3P6R2","G3P846","G3P920","G3PBF5","G3PC16","G3PCK3","G3PDR7","G3PDV0","G3PGM9","G3PH93","G3PIX9","G3PJ29","G3PJH2","G3PKP7","G3PLE8","G3PM59","G3PM61","G3PNK3","G3PP08","G3PP48","G3PPP6","G3PQL2","G3PQX4","G3PT54","G3PUL8","G3PVG3","G3PVK9","G3PVY2","G3PXM2","G3PY88","G3PYA1","G3PYU1","G3PZH5","G3PZK8","G3Q040","G3Q0S4","G3Q162","G3Q163","G3Q2D6","G3Q2Y3","G3Q3A5","G3Q3C4","G3Q3Z6","G3Q402","G3Q407","G3Q486","G3Q659","G3Q6T4","G3Q972","G3QAJ2","G3QC15","Q804E3"
56.7969721693116,"G3N577","G3N680","G3N858","G3N8J1","G3N8Q3","G3N8X9","G3N9I0","G3NA14","G3NBA2","G3NBM8","G3NCL3","G3NDE4","G3NEJ2","G3NFC1","G3NFG6","G3NGD3","G3NGT4","G3NGU5","G3NI60","G3NIW2","G3NJ74","G3NJS1","G3NJU3","G3NLD8","G3NMF2","G3NNM8","G3NNT7","G3NPA2","G3NRG5","G3NRK0","G3NSC0","G3NU97","G3NUM7","G3NW63","G3NX96","G3NXW0","G3NY15","G3NY67","G3NYB9","G3NZE0","G3NZH1","G3NZN3","G3P082","G3P1D2","G3P3A2","G3P5J3","G3P5V0","G3P6R2","G3P846","G3P8F3","G3P920","G3PBF5","G3PC16","G3PCK3","G3PDR7","G3PDV0","G3PGM9","G3PH67","G3PH93","G3PJ29","G3PJH2","G3PKP7","G3PLE8","G3PM59","G3PM61","G3PNK3","G3PNV5","G3PP08","G3PPP6","G3PPP7","G3PQL2","G3PQX4","G3PT54","G3PUL8","G3PVK9","G3PVY2","G3PXF9","G3PXM2","G3PY88","G3PYA1","G3PYU1","G3PZH5","G3PZK8","G3Q040","G3Q162","G3Q163","G3Q2D6","G3Q2Y3","G3Q3A5","G3Q3C4","G3Q3Z6","G3Q402","G3Q407","G3Q486","G3Q659","G3Q6T4","G3Q972","G3QAJ2","G3QC15","Q804E3"
56.796962442751,"G3N577","G3N680","G3N858","G3N8J1","G3N8X9","G3N9I0","G3NA14","G3NBA2","G3NBM8","G3NCL3","G3NDE4","G3NEJ8","G3NFG6","G3NGU5","G3NI60","G3NIW2","G3NJ74","G3NJS1","G3NJU3","G3NLD8","G3NMF2","G3NMY8","G3NNM8","G3NNT7","G3NPA2","G3NRG5","G3NRK0","G3NS10","G3NSC0","G3NU97","G3NUA6","G3NUM7","G3NW63","G3NX96","G3NXW0","G3NY15","G3NY67","G3NYB9","G3NZE0","G3NZH1","G3NZN3","G3P082","G3P1D2","G3P3A2","G3P550","G3P5J3","G3P5V0","G3P6R2","G3P846","G3P8F3","G3P920","G3PBF5","G3PC16","G3PDR7","G3PDV0","G3PGM9","G3PH93","G3PIX9","G3PJ29","G3PJH2","G3PKP7","G3PLE8","G3PM59","G3PM61","G3PNK3","G3PP08","G3PP48","G3PPP6","G3PPP7","G3PQL2","G3PQX4","G3PT54","G3PUL8","G3PVK9","G3PVY2","G3PXM2","G3PY88","G3PYA1","G3PYU1","G3PZH5","G3PZK8","G3Q040","G3Q0S4","G3Q162","G3Q163","G3Q1C4","G3Q2D6","G3Q2Y3","G3Q3A5","G3Q3C4","G3Q3Z6","G3Q402","G3Q486","G3Q4R3","G3Q659","G3Q6T4","G3Q972","G3QAJ2","G3QC15","Q804E3"
56.796437989521,"G3N577","G3N680","G3N858","G3N8J1","G3N8Q3","G3N8X9","G3N9I0","G3NA14","G3NBM8","G3NCL3","G3NDE4","G3NEJ2","G3NFC1","G3NFG6","G3NGD3","G3NGT4","G3NGU5","G3NI60","G3NJ74","G3NJS1","G3NJU3","G3NLD8","G3NMF2","G3NNM8","G3NNT7","G3NPA2","G3NRG5","G3NRK0","G3NSC0","G3NU97","G3NUM7","G3NW63","G3NX96","G3NXW0","G3NY15","G3NY67","G3NYB9","G3NZE0","G3NZH1","G3NZN3","G3P082","G3P1D2","G3P3A2","G3P5J3","G3P5V0","G3P6R2","G3P846","G3P8F3","G3P920","G3PBF5","G3PC16","G3PCK3","G3PDR7","G3PDV0","G3PGM9","G3PH67","G3PH93","G3PJ29","G3PJH2","G3PKP7","G3PLE8","G3PM59","G3PM61","G3PNK3","G3PNV5","G3PP08","G3PPP6","G3PPP7","G3PQL2","G3PQX4","G3PT54","G3PUL8","G3PVK9","G3PVY2","G3PXF9","G3PXM2","G3PY88","G3PYA1","G3PYU1","G3PZH5","G3PZK8","G3Q040","G3Q162","G3Q163","G3Q2D6","G3Q2Y3","G3Q310","G3Q3A5","G3Q3C4","G3Q3Z6","G3Q402","G3Q407","G3Q486","G3Q4R3","G3Q659","G3Q6T4","G3Q972","G3QAJ2","G3QC15","Q804E3"
56.7962985394269,"G3N577","G3N680","G3N858","G3N8J1","G3N8Q3","G3N8X9","G3N9I0","G3NA14","G3NBA2","G3NBM8","G3NCL3","G3NDE4","G3NFC1","G3NFG6","G3NGD3","G3NGT4","G3NGU5","G3NI60","G3NIW2","G3NJ74","G3NJS1","G3NJU3","G3NLD8","G3NMF2","G3NNM8","G3NNT7","G3NPA2","G3NRG5","G3NRK0","G3NS10","G3NSC0","G3NU97","G3NUM7","G3NW63","G3NX96","G3NXW0","G3NY15","G3NY67","G3NYB9","G3NZE0","G3NZH1","G3NZN3","G3P082","G3P1D2","G3P3A2","G3P5J3","G3P5V0","G3P6R2","G3P846","G3P8F3","G3P920","G3PBF5","G3PC16","G3PCK3","G3PDR7","G3PDV0","G3PGM9","G3PH93","G3PIX9","G3PJ29","G3PJH2","G3PKP7","G3PLE8","G3PM59","G3PM61","G3PNK3","G3PP08","G3PP48","G3PPP6","G3PPP7","G3PQL2","G3PQX4","G3PT54","G3PUL8","G3PVG3","G3PVK9","G3PVY2","G3PXM2","G3PY88","G3PYA1","G3PYU1","G3PZH5","G3PZK8","G3Q040","G3Q162","G3Q163","G3Q2D6","G3Q2Y3","G3Q3A5","G3Q3C4","G3Q3Z6","G3Q402","G3Q407","G3Q486","G3Q659","G3Q6T4","G3Q972","G3QAJ2","G3QC15","Q804E3"
56.7961970593009,"G3N577","G3N680","G3N858","G3N8J1","G3N8Q3","G3N8X9","G3N9I0","G3NA14","G3NBA2","G3NBM8","G3NCL3","G3NDE4","G3NEJ2","G3NFC1","G3NFG6","G3NGD3","G3NGT4","G3NGU5","G3NI60","G3NIW2","G3NJ74","G3NJS1","G3NJU3","G3NLD8","G3NMF2","G3NNM8","G3NNT7","G3NPA2","G3NRG5","G3NRK0","G3NSC0","G3NU97","G3NUA6","G3NUM7","G3NW63","G3NX96","G3NXW0","G3NY15","G3NY67","G3NYB9","G3NZE0","G3NZH1","G3NZN3","G3P082","G3P1D2","G3P3A2","G3P5J3","G3P5V0","G3P6R2","G3P846","G3P8F3","G3P920","G3PBF5","G3PC16","G3PCK3","G3PDR7","G3PDV0","G3PGM9","G3PH67","G3PH93","G3PIX9","G3PJ29","G3PJH2","G3PKP7","G3PLE8","G3PM59","G3PM61","G3PNK3","G3PP08","G3PPP6","G3PQL2","G3PQX4","G3PT54","G3PUL8","G3PVK9","G3PVY2","G3PXF9","G3PXM2","G3PY88","G3PYA1","G3PYU1","G3PZH5","G3PZK8","G3Q040","G3Q162","G3Q163","G3Q2D6","G3Q2Y3","G3Q3A5","G3Q3C4","G3Q3Z6","G3Q402","G3Q407","G3Q486","G3Q659","G3Q6T4","G3Q972","G3QAJ2","G3QC15","Q804E3"
56.796189047718,"G3N577","G3N680","G3N858","G3N8J1","G3N8X9","G3N9I0","G3NA14","G3NBA2","G3NBM8","G3NCL3","G3NDE4","G3NFG6","G3NGU5","G3NI60","G3NIW2","G3NJ74","G3NJS1","G3NJU3","G3NLD8","G3NMF2","G3NMY8","G3NNM8","G3NNT7","G3NPA2","G3NRG5","G3NRK0","G3NS10","G3NSC0","G3NU97","G3NUA6","G3NUM7","G3NW63","G3NX96","G3NXW0","G3NY15","G3NY67","G3NYB9","G3NZE0","G3NZH1","G3NZN3","G3P082","G3P1D2","G3P3A2","G3P550","G3P5J3","G3P5V0","G3P6R2","G3P846","G3P920","G3PBF5","G3PC16","G3PDR7","G3PDV0","G3PGM9","G3PH93","G3PIA0","G3PIX9","G3PJ29","G3PJH2","G3PKP7","G3PLE8","G3PM59","G3PM61","G3PNK3","G3PP08","G3PP48","G3PPP6","G3PPP7","G3PQL2","G3PQX4","G3PT54","G3PUL8","G3PVK9","G3PVY2","G3PXM2","G3PY88","G3PYA1","G3PYU1","G3PZH5","G3PZK8","G3Q040","G3Q0S4","G3Q162","G3Q163","G3Q1C4","G3Q2D6","G3Q2Y3","G3Q3A5","G3Q3C4","G3Q3Z6","G3Q402","G3Q486","G3Q4R3","G3Q659","G3Q6T4","G3Q724","G3Q972","G3QAJ2","G3QC15","Q804E3"
56.7958634226124,"G3N577","G3N680","G3N858","G3N8J1","G3N8Q3","G3N8X9","G3N9I0","G3NA14","G3NBA2","G3NBM8","G3NCL3","G3NDE4","G3NFC1","G3NFG6","G3NGD3","G3NGT4","G3NGU5","G3NI60","G3NIW2","G3NJ74","G3NJS1","G3NJU3","G3NLD8","G3NMF2","G3NMY8","G3NNM8","G3NNT7","G3NPA2","G3NRG5","G3NRK0","G3NSC0","G3NU97","G3NUM7","G3NW63","G3NX96","G3NXW0","G3NY15","G3NY67","G3NYB9","G3NZE0","G3NZH1","G3NZN3","G3P082","G3P1D2","G3P3A2","G3P5J3","G3P5V0","G3P6R2","G3P846","G3P8F3","G3P920","G3PBF5","G3PC16","G3PCK3","G3PDR7","G3PDV0","G3PGM9","G3PH93","G3PIX9","G3PJ29","G3PJH2","G3PKP7","G3PLE8","G3PM59","G3PM61","G3PNK3","G3PP08","G3PPP6","G3PPP7","G3PQL2","G3PQX4","G3PT54","G3PUL8","G3PVK9","G3PVY2","G3PXF9","G3PXM2","G3PY88","G3PYA1","G3PYU1","G3PZH5","G3PZK8","G3Q040","G3Q162","G3Q163","G3Q2D6","G3Q2Y3","G3Q3A5","G3Q3C4","G3Q3Z6","G3Q402","G3Q407","G3Q486","G3Q4R3","G3Q659","G3Q6T4","G3Q972","G3QAJ2","G3QC15","Q804E3"
56.795721542782,"G3N577","G3N680","G3N858","G3N8J1","G3N8X9","G3N9I0","G3NA14","G3NBA2","G3NBM8","G3NCL3","G3NDE4","G3NEJ8","G3NFG6","G3NGU5","G3NI60","G3NIW2","G3NJ74","G3NJS1","G3NJU3","G3NLD8","G3NMF2","G3NMY8","G3NNM8","G3NNT7","G3NPA2","G3NRG5","G3NRK0","G3NS10","G3NSC0","G3NU97","G3NUA6","G3NUM7","G3NW63","G3NX96","G3NXW0","G3NY15","G3NY67","G3NYB9","G3NZE0","G3NZH1","G3NZN3","G3P082","G3P1D2","G3P3A2","G3P550","G3P5J3","G3P5V0","G3P6R2","G3P846","G3P920","G3PBF5","G3PC16","G3PCE1","G3PDR7","G3PDV0","G3PGM9","G3PH93","G3PIX9","G3PJ29","G3PJH2","G3PKP7","G3PLE8","G3PM59","G3PM61","G3PNK3","G3PP08","G3PP48","G3PPP6","G3PPP7","G3PQL2","G3PQX4","G3PT54","G3PUL8","G3PVK9","G3PVY2","G3PXM2","G3PY88","G3PYA1","G3PYU1","G3PZH5","G3PZK8","G3Q040","G3Q0S4","G3Q162","G3Q163","G3Q1C4","G3Q2D6","G3Q2Y3","G3Q3A5","G3Q3C4","G3Q3Z6","G3Q402","G3Q486","G3Q4R3","G3Q659","G3Q6T4","G3Q972","G3QAJ2","G3QC15","Q804E3"
56.7954476913394,"G3N577","G3N680","G3N858","G3N8J1","G3N8X9","G3N9I0","G3NA14","G3NBA2","G3NBM8","G3NCL3","G3NDE4","G3NFG6","G3NGU5","G3NI60","G3NIW2","G3NJ74","G3NJS1","G3NJU3","G3NLD8","G3NMF2","G3NMY8","G3NNM8","G3NNT7","G3NPA2","G3NRG5","G3NRK0","G3NS10","G3NSC0","G3NU97","G3NUA6","G3NUM7","G3NW63","G3NX96","G3NXW0","G3NY15","G3NY67","G3NYB9","G3NZE0","G3NZH1","G3NZN3","G3P082","G3P1D2","G3P3A2","G3P550","G3P5J3","G3P5V0","G3P6R2","G3P920","G3PBF5","G3PC16","G3PDR7","G3PDV0","G3PGM9","G3PH93","G3PIA0","G3PIX9","G3PJ29","G3PJH2","G3PKP7","G3PLE8","G3PM59","G3PM61","G3PNK3","G3PNV5","G3PP08","G3PP48","G3PPP6","G3PPP7","G3PQL2","G3PQX4","G3PT54","G3PUL8","G3PVK9","G3PVY2","G3PXM2","G3PY88","G3PYA1","G3PYU1","G3PZH5","G3PZK8","G3Q040","G3Q0S4","G3Q162","G3Q163","G3Q1C4","G3Q2D6","G3Q2Y3","G3Q3A5","G3Q3C4","G3Q3Z6","G3Q402","G3Q486","G3Q4R3","G3Q659","G3Q6T4","G3Q724","G3Q972","G3QAJ2","G3QC15","Q804E3"
56.7954001356043,"G3N577","G3N680","G3N858","G3N8J1","G3N8Q3","G3N8X9","G3N9I0","G3NA14","G3NBA2","G3NBM8","G3NCL3","G3NDE4","G3NEJ2","G3NFC1","G3NFG6","G3NGD3","G3NGT4","G3NGU5","G3NI60","G3NIW2","G3NJ74","G3NJS1","G3NJU3","G3NLD8","G3NMF2","G3NNM8","G3NNT7","G3NPA2","G3NRG5","G3NRK0","G3NSC0","G3NU97","G3NUM7","G3NW63","G3NX96","G3NXW0","G3NY15","G3NY67","G3NYB9","G3NZE0","G3NZH1","G3NZN3","G3P082","G3P1D2","G3P3A2","G3P5J3","G3P5V0","G3P6R2","G3P846","G3P920","G3PBF5","G3PC16","G3PCE1","G3PCK3","G3PDR7","G3PDV0","G3PGM9","G3PH67","G3PH93","G3PIX9","G3PJ29","G3PJH2","G3PKP7","G3PLE8","G3PM59","G3PM61","G3PNK3","G3PP08","G3PPP6","G3PPP7","G3PQL2","G3PQX4","G3PT54","G3PUL8","G3PVK9","G3PVY2","G3PXF9","G3PXM2","G3PY88","G3PYA1","G3PYU1","G3PZH5","G3PZK8","G3Q040","G3Q162","G3Q163","G3Q2D6","G3Q2Y3","G3Q3A5","G3Q3C4","G3Q3Z6","G3Q402","G3Q407","G3Q486","G3Q659","G3Q6T4","G3Q972","G3QAJ2","G3QC15","Q804E3"
56.7953949494075,"G3N577","G3N680","G3N858","G3N8J1","G3N8X9","G3N9I0","G3NA14","G3NBA2","G3NBM8","G3NCL3","G3NDE4","G3NFG6","G3NGU5","G3NI60","G3NIW2","G3NJ74","G3NJS1","G3NJU3","G3NLD8","G3NMF2","G3NMY8","G3NNM8","G3NNT7","G3NPA2","G3NRG5","G3NRK0","G3NS10","G3NSC0","G3NU97","G3NUA6","G3NUM7","G3NW63","G3NX96","G3NXW0","G3NY15","G3NY67","G3NYB9","G3NZE0","G3NZH1","G3NZN3","G3P082","G3P1D2","G3P3A2","G3P5J3","G3P5V0","G3P6R2","G3P846","G3P920","G3PBF5","G3PC16","G3PDR7","G3PDV0","G3PGM9","G3PH93","G3PIA0","G3PIX9","G3PJ29","G3PJH2","G3PKP7","G3PLE8","G3PM59","G3PM61","G3PNK3","G3PP08","G3PP48","G3PPP6","G3PPP7","G3PQL2","G3PQX4","G3PT54","G3PUL8","G3PVG3","G3PVK9","G3PVY2","G3PXM2","G3PY88","G3PYA1","G3PYU1","G3PZH5","G3PZK8","G3Q040","G3Q0S4","G3Q162","G3Q163","G3Q1C4","G3Q2D6","G3Q2Y3","G3Q3A5","G3Q3C4","G3Q3Z6","G3Q402","G3Q407","G3Q486","G3Q659","G3Q6T4","G3Q724","G3Q972","G3QAJ2","G3QC15","Q804E3"
56.7951976679401,"G3N577","G3N680","G3N858","G3N8J1","G3N8Q3","G3N8X9","G3N9I0","G3NA14","G3NBA2","G3NBM8","G3NCL3","G3NDE4","G3NFC1","G3NFG6","G3NGD3","G3NGT4","G3NGU5","G3NI60","G3NIW2","G3NJ74","G3NJS1","G3NJU3","G3NLD8","G3NMF2","G3NNM8","G3NNT7","G3NPA2","G3NRG5","G3NRK0","G3NS10","G3NSC0","G3NU97","G3NUA6","G3NUM7","G3NW63","G3NX96","G3NXW0","G3NY15","G3NY67","G3NYB9","G3NZE0","G3NZH1","G3NZN3","G3P082","G3P1D2","G3P3A2","G3P5J3","G3P5V0","G3P6R2","G3P846","G3P920","G3PBF5","G3PC16","G3PCE1","G3PCK3","G3PDR7","G3PDV0","G3PGM9","G3PH93","G3PIX9","G3PJ29","G3PJH2","G3PKP7","G3PLE8","G3PM59","G3PM61","G3PNK3","G3PP08","G3PP48","G3PPP6","G3PQL2","G3PQX4","G3PT54","G3PUL8","G3PVG3","G3PVK9","G3PVY2","G3PXM2","G3PY88","G3PYA1","G3PYU1","G3PZH5","G3PZK8","G3Q040","G3Q162","G3Q163","G3Q2D6","G3Q2Y3","G3Q3A5","G3Q3C4","G3Q3Z6","G3Q402","G3Q407","G3Q486","G3Q659","G3Q6T4","G3Q972","G3QAJ2","G3QC15","Q804E3"
56.7951492666118,"G3N577","G3N680","G3N858","G3N8J1","G3N8Q3","G3N8X9","G3N9I0","G3NA14","G3NBA2","G3NBM8","G3NCL3","G3NDE4","G3NFC1","G3NFG6","G3NGD3","G3NGT4","G3NGU5","G3NI60","G3NIW2","G3NJ74","G3NJS1","G3NJU3","G3NLD8","G3NMF2","G3NNM8","G3NNT7","G3NPA2","G3NRG5","G3NRK0","G3NSC0","G3NU97","G3NUM7","G3NW63","G3NX96","G3NXW0","G3NY15","G3NY67","G3NYB9","G3NZE0","G3NZH1","G3NZN3","G3P082","G3P1D2","G3P3A2","G3P5J3","G3P5V0","G3P6R2","G3P846","G3P8F3","G3P920","G3PBF5","G3PC16","G3PCK3","G3PDR7","G3PDV0","G3PGM9","G3PH93","G3PIX9","G3PJ29","G3PJH2","G3PJU0","G3PKP7","G3PLE8","G3PM59","G3PM61","G3PNK3","G3PNV5","G3PP08","G3PPP6","G3PQL2","G3PQX4","G3PT54","G3PUL8","G3PVK9","G3PVY2","G3PXF9","G3PXM2","G3PY88","G3PYA1","G3PYU1","G3PZH5","G3PZK8","G3Q040","G3Q162","G3Q163","G3Q2D6","G3Q2Y3","G3Q310","G3Q3A5","G3Q3C4","G3Q3Z6","G3Q402","G3Q407","G3Q486","G3Q659","G3Q6T4","G3Q972","G3QAJ2","G3QC15","Q804E3"
56.7949996137375,"G3N577","G3N680","G3N858","G3N8J1","G3N8X9","G3N9I0","G3NA14","G3NBA2","G3NBM8","G3NCL3","G3NDE4","G3NFG6","G3NGU5","G3NI60","G3NIW2","G3NJ74","G3NJS1","G3NJU3","G3NLD8","G3NMF2","G3NMY8","G3NNM8","G3NNT7","G3NPA2","G3NRG5","G3NRK0","G3NS10","G3NSC0","G3NU97","G3NUA6","G3NUM7","G3NW63","G3NX96","G3NXW0","G3NY15","G3NY67","G3NYB9","G3NZE0","G3NZH1","G3NZN3","G3P082","G3P1D2","G3P3A2","G3P550","G3P5J3","G3P5V0","G3P6R2","G3P920","G3PBF5","G3PC16","G3PDR7","G3PDV0","G3PGM9","G3PH93","G3PIX9","G3PJ29","G3PJH2","G3PKP7","G3PLE8","G3PM59","G3PM61","G3PNK3","G3PNV5","G3PP08","G3PP48","G3PPP6","G3PPP7","G3PQL2","G3PQX4","G3PT54","G3PUL8","G3PVG3","G3PVK9","G3PVY2","G3PXM2","G3PY88","G3PYA1","G3PYU1","G3PZH5","G3PZK8","G3Q040","G3Q0S4","G3Q162","G3Q163","G3Q1C4","G3Q2D6","G3Q2Y3","G3Q3A5","G3Q3C4","G3Q3Z6","G3Q402","G3Q486","G3Q4R3","G3Q659","G3Q6T4","G3Q724","G3Q972","G3QAJ2","G3QC15","Q804E3"
56.7948349939784,"G3N577","G3N680","G3N858","G3N8J1","G3N8X9","G3N9I0","G3NA14","G3NBA2","G3NBM8","G3NCL3","G3NDE4","G3NEJ8","G3NFG6","G3NGU5","G3NI60","G3NIW2","G3NJ74","G3NJS1","G3NJU3","G3NLD8","G3NMF2","G3NMY8","G3NNM8","G3NNT7","G3NPA2","G3NRG5","G3NRK0","G3NS10","G3NSC0","G3NU97","G3NUA6","G3NUM7","G3NW63","G3NX96","G3NXW0","G3NY15","G3NY67","G3NYB9","G3NZE0","G3NZH1","G3NZN3","G3P082","G3P1D2","G3P3A2","G3P550","G3P5J3","G3P5V0","G3P6R2","G3P8F3","G3P920","G3PBF5","G3PC16","G3PDR7","G3PDV0","G3PGM9","G3PH93","G3PIX9","G3PJ29","G3PJH2","G3PKP7","G3PLE8","G3PM59","G3PM61","G3PNK3","G3PP08","G3PP48","G3PPP6","G3PPP7","G3PQL2","G3PQX4","G3PT54","G3PUL8","G3PVG3","G3PVK9","G3PVY2","G3PXM2","G3PY88","G3PYA1","G3PYU1","G3PZH5","G3PZK8","G3Q040","G3Q0S4","G3Q162","G3Q163","G3Q1C4","G3Q2D6","G3Q2Y3","G3Q3A5","G3Q3C4","G3Q3Z6","G3Q402","G3Q486","G3Q4R3","G3Q659","G3Q6T4","G3Q972","G3QAJ2","G3QC15","Q804E3"
56.7945862840308,"G3N577","G3N680","G3N858","G3N8J1","G3N8X9","G3N9I0","G3NA14","G3NBA2","G3NBM8","G3NCL3","G3NDE4","G3NFG6","G3NGT4","G3NGU5","G3NI60","G3NIW2","G3NJ74","G3NJS1","G3NJU3","G3NLD8","G3NMF2","G3NNM8","G3NNT7","G3NPA2","G3NRG5","G3NRK0","G3NS10","G3NSC0","G3NU97","G3NUA6","G3NUM7","G3NW63","G3NX96","G3NXW0","G3NY15","G3NY67","G3NYB9","G3NZE0","G3NZH1","G3NZN3","G3P082","G3P1D2","G3P3A2","G3P550","G3P5J3","G3P5V0","G3P6R2","G3P846","G3P8F3","G3P920","G3PBF5","G3PC16","G3PCK3","G3PDR7","G3PDV0","G3PGM9","G3PH93","G3PIX9","G3PJ29","G3PJH2","G3PKP7","G3PLE8","G3PM59","G3PM61","G3PNK3","G3PP08","G3PP48","G3PPP6","G3PPP7","G3PQL2","G3PQX4","G3PT54","G3PUL8","G3PVK9","G3PVY2","G3PXM2","G3PY88","G3PYA1","G3PYU1","G3PZH5","G3PZK8","G3Q040","G3Q0S4","G3Q162","G3Q163","G3Q1C4","G3Q2D6","G3Q2Y3","G3Q3A5","G3Q3C4","G3Q3Z6","G3Q402","G3Q407","G3Q486","G3Q659","G3Q6T4","G3Q972","G3QAJ2","G3QC15","Q804E3"
56.7945686469806,"G3N577","G3N680","G3N858","G3N8J1","G3N8Q3","G3N8X9","G3N9I0","G3NA14","G3NBA2","G3NBM8","G3NCL3","G3NDE4","G3NFC1","G3NFG6","G3NGD3","G3NGT4","G3NGU5","G3NI60","G3NIW2","G3NJ74","G3NJS1","G3NJU3","G3NLD8","G3NMF2","G3NNM8","G3NNT7","G3NPA2","G3NRG5","G3NRK0","G3NS10","G3NSC0","G3NU97","G3NUA6","G3NUM7","G3NW63","G3NX96","G3NXW0","G3NY15","G3NY67","G3NYB9","G3NZE0","G3NZH1","G3NZN3","G3P082","G3P1D2","G3P3A2","G3P5J3","G3P5V0","G3P6R2","G3P846","G3P8F3","G3P920","G3PBF5","G3PC16","G3PCK3","G3PDR7","G3PDV0","G3PGM9","G3PH67","G3PH93","G3PIX9","G3PJ29","G3PJH2","G3PKP7","G3PLE8","G3PM59","G3PM61","G3PNK3","G3PP08","G3PPP6","G3PPP7","G3PQL2","G3PQX4","G3PT54","G3PUL8","G3PVK9","G3PVY2","G3PXM2","G3PY88","G3PYA1","G3PYU1","G3PZH5","G3PZK8","G3Q040","G3Q162","G3Q163","G3Q2D6","G3Q2Y3","G3Q3A5","G3Q3C4","G3Q3Z6","G3Q402","G3Q407","G3Q486","G3Q659","G3Q6T4","G3Q972","G3QAJ2","G3QC15","Q804E3"
56.7944993001842,"G3N577","G3N680","G3N858","G3N8J1","G3N8X9","G3N9I0","G3NA14","G3NBA2","G3NBM8","G3NCL3","G3NDE4","G3NFG6","G3NGU5","G3NI60","G3NIW2","G3NJ74","G3NJS1","G3NJU3","G3NLD8","G3NMF2","G3NMY8","G3NNM8","G3NNT7","G3NPA2","G3NRG5","G3NRK0","G3NS10","G3NSC0","G3NU97","G3NUA6","G3NUM7","G3NW63","G3NX96","G3NXW0","G3NY15","G3NY67","G3NYB9","G3NZE0","G3NZH1","G3NZN3","G3P082","G3P1D2","G3P3A2","G3P550","G3P5J3","G3P5V0","G3P6R2","G3P846","G3P8F3","G3P920","G3PBF5","G3PC16","G3PCE1","G3PDR7","G3PDV0","G3PGM9","G3PH93","G3PIX9","G3PJ29","G3PJH2","G3PKP7","G3PLE8","G3PM59","G3PM61","G3PNK3","G3PP08","G3PP48","G3PPP6","G3PPP7","G3PQL2","G3PQX4","G3PT54","G3PUL8","G3PVK9","G3PVY2","G3PXM2","G3PY88","G3PYA1","G3PYU1","G3PZH5","G3PZK8","G3Q040","G3Q162","G3Q163","G3Q1C4","G3Q2D6","G3Q2Y3","G3Q3A5","G3Q3C4","G3Q3Z6","G3Q402","G3Q486","G3Q4R3","G3Q659","G3Q6T4","G3Q724","G3Q972","G3QAJ2","G3QC15","Q804E3"
56.7944101562172,"G3N577","G3N680","G3N858","G3N8J1","G3N8X9","G3N9I0","G3NA14","G3NBA2","G3NBM8","G3NCL3","G3NDE4","G3NFG6","G3NGU5","G3NI60","G3NIW2","G3NJ74","G3NJS1","G3NJU3","G3NLD8","G3NMF2","G3NMY8","G3NNM8","G3NNT7","G3NPA2","G3NRG5","G3NRK0","G3NS10","G3NSC0","G3NU97","G3NUA6","G3NUM7","G3NW63","G3NX96","G3NXW0","G3NY15","G3NY67","G3NYB9","G3NZE0","G3NZH1","G3NZN3","G3P082","G3P1D2","G3P3A2","G3P550","G3P5J3","G3P5V0","G3P6R2","G3P920","G3PBF5","G3PC16","G3PDR7","G3PDV0","G3PGM9","G3PH93","G3PIA0","G3PIX9","G3PJ29","G3PJH2","G3PKP7","G3PLE8","G3PM59","G3PM61","G3PNK3","G3PP08","G3PP48","G3PPP6","G3PPP7","G3PQL2","G3PQX4","G3PT54","G3PUL8","G3PVG3","G3PVK9","G3PVY2","G3PXM2","G3PY88","G3PYA1","G3PYU1","G3PZH5","G3PZK8","G3Q040","G3Q0S4","G3Q162","G3Q163","G3Q1C4","G3Q2D6","G3Q2Y3","G3Q3A5","G3Q3C4","G3Q3Z6","G3Q402","G3Q486","G3Q4R3","G3Q659","G3Q6T4","G3Q724","G3Q972","G3QAJ2","G3QC15","Q804E3"
56.7943668803205,"G3N577","G3N680","G3N858","G3N8J1","G3N8Q3","G3N8X9","G3N9I0","G3NA14","G3NBA2","G3NBM8","G3NCL3","G3NDE4","G3NFC1","G3NFG6","G3NGD3","G3NGT4","G3NGU5","G3NI60","G3NIW2","G3NJ74","G3NJS1","G3NJU3","G3NLD8","G3NMF2","G3NNM8","G3NNT7","G3NPA2","G3NRG5","G3NRK0","G3NS10","G3NSC0","G3NU97","G3NUA6","G3NUM7","G3NW63","G3NX96","G3NXW0","G3NY15","G3NY67","G3NYB9","G3NZE0","G3NZH1","G3NZN3","G3P082","G3P1D2","G3P3A2","G3P5J3","G3P5V0","G3P6R2","G3P846","G3P920","G3PBF5","G3PC16","G3PCK3","G3PDR7","G3PDV0","G3PGM9","G3PH93","G3PIX9","G3PJ29","G3PJH2","G3PKP7","G3PLE8","G3PM59","G3PM61","G3PNK3","G3PP08","G3PP48","G3PPP6","G3PQL2","G3PQX4","G3PT54","G3PUI2","G3PUL8","G3PVK9","G3PVY2","G3PXM2","G3PY88","G3PYA1","G3PYU1","G3PZH5","G3PZK8","G3Q040","G3Q0S4","G3Q162","G3Q163","G3Q2D6","G3Q2Y3","G3Q3A5","G3Q3C4","G3Q3Z6","G3Q402","G3Q407","G3Q486","G3Q659","G3Q6T4","G3Q972","G3QAJ2","G3QC15","Q804E3"
56.7941782493316,"G3N577","G3N680","G3N858","G3N8J1","G3N8Q3","G3N8X9","G3N9I0","G3NA14","G3NBA2","G3NBM8","G3NCL3","G3NDE4","G3NEJ2","G3NFC1","G3NFG6","G3NGD3","G3NGT4","G3NGU5","G3NI60","G3NIW2","G3NJ74","G3NJS1","G3NJU3","G3NLD8","G3NMF2","G3NNM8","G3NNT7","G3NPA2","G3NRG5","G3NRK0","G3NS10","G3NSC0","G3NU97","G3NUM7","G3NW63","G3NX96","G3NXW0","G3NY15","G3NY67","G3NYB9","G3NZE0","G3NZH1","G3NZN3","G3P082","G3P1D2","G3P3A2","G3P5J3","G3P5V0","G3P6R2","G3P846","G3P8F3","G3P920","G3PBF5","G3PC16","G3PCK3","G3PDR7","G3PDV0","G3PGM9","G3PH93","G3PIA0","G3PIX9","G3PJ29","G3PJH2","G3PKP7","G3PLE8","G3PM59","G3PM61","G3PNK3","G3PP08","G3PPP6","G3PPP7","G3PQL2","G3PQX4","G3PT54","G3PUL8","G3PVK9","G3PVY2","G3PXM2","G3PY88","G3PYA1","G3PYU1","G3PZH5","G3PZK8","G3Q040","G3Q162","G3Q163","G3Q2D6","G3Q2Y3","G3Q3A5","G3Q3C4","G3Q3Z6","G3Q402","G3Q407","G3Q486","G3Q659","G3Q6T4","G3Q972","G3QAJ2","G3QC15","Q804E3"
56.7940343254093,"G3N577","G3N680","G3N858","G3N8J1","G3N8Q3","G3N8X9","G3N9I0","G3NA14","G3NBA2","G3NBM8","G3NCL3","G3NDE4","G3NFC1","G3NFG6","G3NGT4","G3NGU5","G3NI60","G3NIW2","G3NJ74","G3NJS1","G3NJU3","G3NLD8","G3NMF2","G3NMY8","G3NNM8","G3NNT7","G3NPA2","G3NRG5","G3NRK0","G3NS10","G3NSC0","G3NU97","G3NUA6","G3NUM7","G3NW63","G3NX96","G3NXW0","G3NY15","G3NY67","G3NYB9","G3NZE0","G3NZH1","G3NZN3","G3P082","G3P1D2","G3P3A2","G3P5J3","G3P5V0","G3P6R2","G3P846","G3P8F3","G3P920","G3PBF5","G3PC16","G3PCK3","G3PDR7","G3PDV0","G3PGM9","G3PH93","G3PIX9","G3PJ29","G3PJH2","G3PKP7","G3PLE8","G3PM59","G3PM61","G3PNK3","G3PP08","G3PP48","G3PPP6","G3PQL2","G3PQX4","G3PT54","G3PUL8","G3PVG3","G3PVK9","G3PVY2","G3PXM2","G3PY88","G3PYA1","G3PYU1","G3PZH5","G3PZK8","G3Q040","G3Q162","G3Q163","G3Q2D6","G3Q2Y3","G3Q3A5","G3Q3C4","G3Q3Z6","G3Q402","G3Q407","G3Q486","G3Q659","G3Q6T4","G3Q972","G3QAJ2","G3QC15","Q804E3"
56.7937909661395,"G3N577","G3N680","G3N858","G3N8J1","G3N8Q3","G3N8X9","G3N9I0","G3NA14","G3NBA2","G3NBM8","G3NCL3","G3NDE4","G3NFC1","G3NFG6","G3NGD3","G3NGT4","G3NGU5","G3NI60","G3NIW2","G3NJ74","G3NJS1","G3NJU3","G3NLD8","G3NMF2","G3NMY8","G3NNM8","G3NNT7","G3NPA2","G3NRG5","G3NRK0","G3NS10","G3NSC0","G3NU97","G3NUM7","G3NW63","G3NX96","G3NXW0","G3NY15","G3NY67","G3NYB9","G3NZE0","G3NZH1","G3NZN3","G3P082","G3P1D2","G3P3A2","G3P5J3","G3P5V0","G3P6R2","G3P846","G3P8F3","G3P920","G3PBF5","G3PC16","G3PCK3","G3PDR7","G3PDV0","G3PGM9","G3PH93","G3PIX9","G3PJ29","G3PJH2","G3PKP7","G3PLE8","G3PM59","G3PM61","G3PNK3","G3PNV5","G3PP08","G3PPP6","G3PPP7","G3PQL2","G3PQX4","G3PT54","G3PUL8","G3PVK9","G3PVY2","G3PXM2","G3PY88","G3PYA1","G3PYU1","G3PZH5","G3PZK8","G3Q040","G3Q162","G3Q163","G3Q2D6","G3Q2Y3","G3Q3A5","G3Q3C4","G3Q3Z6","G3Q402","G3Q407","G3Q486","G3Q659","G3Q6T4","G3Q972","G3QAJ2","G3QC15","Q804E3"
56.7936853639276,"G3N577","G3N680","G3N858","G3N8J1","G3N8Q3","G3N8X9","G3N9I0","G3NA14","G3NBM8","G3NCL3","G3NDE4","G3NEJ2","G3NFC1","G3NFG6","G3NGD3","G3NGT4","G3NGU5","G3NI60","G3NIW2","G3NJ74","G3NJS1","G3NJU3","G3NLD8","G3NMF2","G3NNM8","G3NNT7","G3NPA2","G3NRG5","G3NRK0","G3NSC0","G3NU97","G3NUM7","G3NW63","G3NX96","G3NXW0","G3NY15","G3NY67","G3NYB9","G3NZE0","G3NZH1","G3NZN3","G3P082","G3P1D2","G3P3A2","G3P5J3","G3P5V0","G3P6R2","G3P846","G3P920","G3PBF5","G3PC16","G3PCK3","G3PDR7","G3PDV0","G3PGM9","G3PH67","G3PH93","G3PIX9","G3PJ29","G3PJH2","G3PKP7","G3PLE8","G3PM59","G3PM61","G3PNK3","G3PNV5","G3PP08","G3PPP6","G3PPP7","G3PQL2","G3PQX4","G3PT54","G3PUL8","G3PVK9","G3PVY2","G3PXF9","G3PXM2","G3PY88","G3PYA1","G3PYU1","G3PZH5","G3PZK8","G3Q040","G3Q162","G3Q163","G3Q2D6","G3Q2Y3","G3Q310","G3Q3A5","G3Q3C4","G3Q3Z6","G3Q402","G3Q407","G3Q486","G3Q659","G3Q6T4","G3Q972","G3QAJ2","G3QC15","Q804E3"
56.7936353173166,"G3N577","G3N680","G3N858","G3N8J1","G3N8X9","G3N9I0","G3NA14","G3NBA2","G3NBM8","G3NCL3","G3NDE4","G3NEJ8","G3NFG6","G3NGU5","G3NI60","G3NIW2","G3NJ74","G3NJS1","G3NJU3","G3NLD8","G3NMF2","G3NMY8","G3NNM8","G3NNT7","G3NPA2","G3NRG5","G3NRK0","G3NS10","G3NSC0","G3NU97","G3NUA6","G3NUM7","G3NW63","G3NX96","G3NXW0","G3NY15","G3NY67","G3NYB9","G3NZE0","G3NZH1","G3NZN3","G3P082","G3P1D2","G3P3A2","G3P550","G3P5J3","G3P5V0","G3P6R2","G3P920","G3PBF5","G3PC16","G3PCE1","G3PDR7","G3PDV0","G3PGM9","G3PH93","G3PIX9","G3PJ29","G3PJH2","G3PKP7","G3PLE8","G3PM59","G3PM61","G3PNK3","G3PP08","G3PP48","G3PPP6","G3PPP7","G3PQL2","G3PQX4","G3PT54","G3PUL8","G3PVG3","G3PVK9","G3PVY2","G3PXM2","G3PY88","G3PYA1","G3PYU1","G3PZH5","G3PZK8","G3Q040","G3Q0S4","G3Q162","G3Q163","G3Q1C4","G3Q2D6","G3Q2Y3","G3Q3A5","G3Q3C4","G3Q3Z6","G3Q402","G3Q486","G3Q4R3","G3Q659","G3Q6T4","G3Q972","G3QAJ2","G3QC15","Q804E3"
56.7933375790439,"G3N577","G3N680","G3N858","G3N8J1","G3N8Q3","G3N8X9","G3N9I0","G3NA14","G3NBA2","G3NBM8","G3NCL3","G3NDE4","G3NFC1","G3NFG6","G3NGD3","G3NGT4","G3NGU5","G3NI60","G3NIW2","G3NJ74","G3NJS1","G3NJU3","G3NLD8","G3NMF2","G3NNM8","G3NNT7","G3NPA2","G3NRG5","G3NRK0","G3NSC0","G3NU97","G3NUM7","G3NW63","G3NX96","G3NXW0","G3NY15","G3NY67","G3NYB9","G3NZE0","G3NZH1","G3NZN3","G3P082","G3P1D2","G3P3A2","G3P5J3","G3P5V0","G3P6R2","G3P846","G3P8F3","G3P920","G3PBF5","G3PC16","G3PCK3","G3PDR7","G3PDV0","G3PGM9","G3PH93","G3PIX9","G3PJ29","G3PJH2","G3PKP7","G3PLE8","G3PM59","G3PM61","G3PNK3","G3PNV5","G3PP08","G3PPP6","G3PPP7","G3PQL2","G3PQX4","G3PT54","G3PUL8","G3PVK9","G3PVY2","G3PXF9","G3PXM2","G3PY88","G3PYA1","G3PYU1","G3PZH5","G3PZK8","G3Q040","G3Q162","G3Q163","G3Q1C4","G3Q2D6","G3Q2Y3","G3Q3A5","G3Q3C4","G3Q3Z6","G3Q402","G3Q407","G3Q486","G3Q659","G3Q6T4","G3Q972","G3QAJ2","G3QC15","Q804E3"
56.7929456808761,"G3N577","G3N680","G3N858","G3N8J1","G3N8Q3","G3N8X9","G3N9I0","G3NA14","G3NBA2","G3NBM8","G3NCL3","G3NDE4","G3NFC1","G3NFG6","G3NGT4","G3NGU5","G3NI60","G3NIW2","G3NJ74","G3NJS1","G3NJU3","G3NLD8","G3NMF2","G3NMY8","G3NNM8","G3NNT7","G3NPA2","G3NRG5","G3NRK0","G3NS10","G3NSC0","G3NU97","G3NUA6","G3NUM7","G3NW63","G3NX96","G3NXW0","G3NY15","G3NY67","G3NYB9","G3NZE0","G3NZH1","G3NZN3","G3P082","G3P1D2","G3P3A2","G3P5J3","G3P5V0","G3P6R2","G3P846","G3P8F3","G3P920","G3PBF5","G3PC16","G3PCK3","G3PDR7","G3PDV0","G3PGM9","G3PH93","G3PIX9","G3PJ29","G3PJH2","G3PKP7","G3PLE8","G3PM59","G3PM61","G3PNK3","G3PP08","G3PPP6","G3PPP7","G3PQL2","G3PQX4","G3PT54","G3PUL8","G3PVK9","G3PVY2","G3PXM2","G3PY88","G3PYA1","G3PYU1","G3PZH5","G3PZK8","G3Q040","G3Q0S4","G3Q162","G3Q163","G3Q2D6","G3Q2Y3","G3Q3A5","G3Q3C4","G3Q3Z6","G3Q402","G3Q407","G3Q486","G3Q659","G3Q6T4","G3Q972","G3QAJ2","G3QC15","Q804E3"
56.7928990675054,"G3N577","G3N680","G3N858","G3N8J1","G3N8Q3","G3N8X9","G3N9I0","G3NA14","G3NBA2","G3NBM8","G3NCL3","G3NDE4","G3NEJ2","G3NFC1","G3NFG6","G3NGT4","G3NGU5","G3NI60","G3NIW2","G3NJ74","G3NJS1","G3NJU3","G3NLD8","G3NMF2","G3NNM8","G3NNT7","G3NPA2","G3NRG5","G3NRK0","G3NSC0","G3NU97","G3NUM7","G3NW63","G3NX96","G3NXW0","G3NY15","G3NY67","G3NYB9","G3NZE0","G3NZH1","G3NZN3","G3P082","G3P1D2","G3P3A2","G3P5J3","G3P5V0","G3P6R2","G3P846","G3P8F3","G3P920","G3PBF5","G3PBS8","G3PC16","G3PCK3","G3PDR7","G3PDV0","G3PGM9","G3PH93","G3PIX9","G3PJ29","G3PJH2","G3PJU0","G3PKP7","G3PLE8","G3PM59","G3PM61","G3PNK3","G3PP08","G3PPP6","G3PPP7","G3PQL2","G3PQX4","G3PT54","G3PUL8","G3PVK9","G3PVY2","G3PXF9","G3PXM2","G3PY88","G3PYA1","G3PYU1","G3PZH5","G3PZK8","G3Q040","G3Q162","G3Q163","G3Q2D6","G3Q2Y3","G3Q3A5","G3Q3C4","G3Q3Z6","G3Q402","G3Q407","G3Q486","G3Q659","G3Q6T4","G3Q972","G3QAJ2","G3QC15","Q804E3"
56.7928724203634,"G3N577","G3N680","G3N858","G3N8J1","G3N8Q3","G3N8X9","G3N9I0","G3NA14","G3NBA2","G3NBM8","G3NCL3","G3NDE4","G3NEJ2","G3NFC1","G3NFG6","G3NGT4","G3NGU5","G3NI60","G3NIW2","G3NJ74","G3NJS1","G3NJU3","G3NLD8","G3NMF2","G3NMY8","G3NNM8","G3NNT7","G3NPA2","G3NRG5","G3NRK0","G3NSC0","G3NU97","G3NUM7","G3NW63","G3NX96","G3NXW0","G3NY15","G3NY67","G3NYB9","G3NZE0","G3NZH1","G3NZN3","G3P082","G3P1D2","G3P3A2","G3P5J3","G3P5V0","G3P6R2","G3P846","G3P8F3","G3P920","G3PBF5","G3PC16","G3PCK3","G3PDR7","G3PDV0","G3PGM9","G3PH67","G3PH93","G3PIX9","G3PJ29","G3PJH2","G3PKP7","G3PLE8","G3PM59","G3PM61","G3PNK3","G3PP08","G3PPP6","G3PPP7","G3PQL2","G3PQX4","G3PT54","G3PUL8","G3PVK9","G3PVY2","G3PXF9","G3PXM2","G3PY88","G3PYA1","G3PYU1","G3PZH5","G3PZK8","G3Q040","G3Q162","G3Q163","G3Q2D6","G3Q2Y3","G3Q3A5","G3Q3C4","G3Q3Z6","G3Q402","G3Q407","G3Q486","G3Q659","G3Q6T4","G3Q972","G3QAJ2","G3QC15","Q804E3"
56.792491629757,"G3N577","G3N680","G3N858","G3N8J1","G3N8Q3","G3N8X9","G3N9I0","G3NA14","G3NBA2","G3NBM8","G3NCL3","G3NDE4","G3NFC1","G3NFG6","G3NGT4","G3NGU5","G3NI60","G3NIW2","G3NJ74","G3NJS1","G3NJU3","G3NLD8","G3NMF2","G3NNM8","G3NNT7","G3NPA2","G3NRG5","G3NRK0","G3NS10","G3NSC0","G3NU97","G3NUA6","G3NUM7","G3NW63","G3NX96","G3NXW0","G3NY15","G3NY67","G3NYB9","G3NZE0","G3NZH1","G3NZN3","G3P082","G3P1D2","G3P3A2","G3P5J3","G3P5V0","G3P6R2","G3P846","G3P8F3","G3P920","G3PBF5","G3PC16","G3PCK3","G3PDR7","G3PDV0","G3PGM9","G3PH93","G3PIX9","G3PJ29","G3PJH2","G3PKP7","G3PLE8","G3PM59","G3PM61","G3PNK3","G3PP08","G3PP48","G3PPP6","G3PPP7","G3PQL2","G3PQX4","G3PT54","G3PUL8","G3PVK9","G3PVY2","G3PXM2","G3PY88","G3PYA1","G3PYU1","G3PZH5","G3PZK8","G3Q040","G3Q162","G3Q163","G3Q1C4","G3Q2D6","G3Q2Y3","G3Q3A5","G3Q3C4","G3Q3Z6","G3Q402","G3Q407","G3Q486","G3Q659","G3Q6T4","G3Q972","G3QAJ2","G3QC15","Q804E3"
56.792410410916,"G3N577","G3N680","G3N858","G3N8J1","G3N8Q3","G3N8X9","G3N9I0","G3NA14","G3NBA2","G3NBM8","G3NCL3","G3NDE4","G3NFC1","G3NFG6","G3NGD3","G3NGT4","G3NGU5","G3NI60","G3NIW2","G3NJ74","G3NJS1","G3NJU3","G3NLD8","G3NMF2","G3NNM8","G3NNT7","G3NPA2","G3NRG5","G3NRK0","G3NS10","G3NSC0","G3NU97","G3NUA6","G3NUM7","G3NW63","G3NX96","G3NXW0","G3NY15","G3NY67","G3NYB9","G3NZE0","G3NZH1","G3NZN3","G3P082","G3P1D2","G3P3A2","G3P5J3","G3P5V0","G3P6R2","G3P846","G3P920","G3PBF5","G3PC16","G3PCK3","G3PDR7","G3PDV0","G3PGM9","G3PH93","G3PIX9","G3PJ29","G3PJH2","G3PKP7","G3PLE8","G3PM59","G3PM61","G3PNK3","G3PP08","G3PP48","G3PPP6","G3PPP7","G3PQL2","G3PQX4","G3PT54","G3PUL8","G3PVK9","G3PVY2","G3PXM2","G3PY88","G3PYA1","G3PYU1","G3PZH5","G3PZK8","G3Q040","G3Q162","G3Q163","G3Q1C4","G3Q2D6","G3Q2Y3","G3Q3A5","G3Q3C4","G3Q3Z6","G3Q402","G3Q407","G3Q486","G3Q659","G3Q6T4","G3Q972","G3QAJ2","G3QC15","Q804E3"
56.7923230349548,"G3N577","G3N680","G3N858","G3N8J1","G3N8Q3","G3N8X9","G3N9I0","G3NA14","G3NBA2","G3NBM8","G3NCL3","G3NDE4","G3NFC1","G3NFG6","G3NGT4","G3NGU5","G3NI60","G3NIW2","G3NJ74","G3NJS1","G3NJU3","G3NLD8","G3NMF2","G3NNM8","G3NNT7","G3NPA2","G3NRG5","G3NRK0","G3NS10","G3NSC0","G3NU97","G3NUA6","G3NUM7","G3NW63","G3NX96","G3NXW0","G3NY15","G3NY67","G3NYB9","G3NZE0","G3NZH1","G3NZN3","G3P082","G3P1D2","G3P3A2","G3P5J3","G3P5V0","G3P6R2","G3P846","G3P8F3","G3P920","G3PBF5","G3PC16","G3PCK3","G3PDR7","G3PDV0","G3PGM9","G3PH93","G3PIX9","G3PJ29","G3PJH2","G3PKP7","G3PLE8","G3PM59","G3PM61","G3PNK3","G3PP08","G3PP48","G3PPP6","G3PPP7","G3PQL2","G3PQX4","G3PT54","G3PUL8","G3PVK9","G3PVY2","G3PXM2","G3PY88","G3PYA1","G3PYU1","G3PZH5","G3PZK8","G3Q040","G3Q162","G3Q163","G3Q2D6","G3Q2Y3","G3Q3A5","G3Q3C4","G3Q3Z6","G3Q402","G3Q407","G3Q486","G3Q4R3","G3Q659","G3Q6T4","G3Q972","G3QAJ2","G3QC15","Q804E3"
56.7923090582574,"G3N577","G3N680","G3N858","G3N8J1","G3N8X9","G3N9I0","G3NA14","G3NBA2","G3NBM8","G3NCL3","G3NDE4","G3NFG6","G3NGT4","G3NGU5","G3NI60","G3NIW2","G3NJ74","G3NJS1","G3NJU3","G3NLD8","G3NMF2","G3NNM8","G3NNT7","G3NPA2","G3NRG5","G3NRK0","G3NS10","G3NSC0","G3NU97","G3NUA6","G3NUM7","G3NW63","G3NX96","G3NXW0","G3NY15","G3NY67","G3NYB9","G3NZE0","G3NZH1","G3NZN3","G3P082","G3P1D2","G3P3A2","G3P5J3","G3P5V0","G3P6R2","G3P846","G3P8F3","G3P920","G3PBF5","G3PC16","G3PCK3","G3PDR7","G3PDV0","G3PGM9","G3PH93","G3PIX9","G3PJ29","G3PJH2","G3PKP7","G3PLE8","G3PM59","G3PM61","G3PNK3","G3PP08","G3PP48","G3PPP6","G3PPP7","G3PQL2","G3PQX4","G3PT54","G3PUL8","G3PVG3","G3PVK9","G3PVY2","G3PXM2","G3PY88","G3PYA1","G3PYU1","G3PZH5","G3PZK8","G3Q040","G3Q162","G3Q163","G3Q1C4","G3Q2D6","G3Q2Y3","G3Q3A5","G3Q3C4","G3Q3Z6","G3Q402","G3Q407","G3Q486","G3Q4R3","G3Q659","G3Q6T4","G3Q972","G3QAJ2","G3QC15","Q804E3"
56.7922884213443,"G3N577","G3N680","G3N858","G3N8J1","G3N8Q3","G3N8X9","G3N9I0","G3NA14","G3NBA2","G3NBM8","G3NCL3","G3NDE4","G3NEJ2","G3NFC1","G3NFG6","G3NGD3","G3NGT4","G3NGU5","G3NI60","G3NJ74","G3NJS1","G3NJU3","G3NLD8","G3NMF2","G3NNM8","G3NNT7","G3NPA2","G3NRG5","G3NRK0","G3NSC0","G3NU97","G3NUM7","G3NW63","G3NX96","G3NXW0","G3NY15","G3NY67","G3NYB9","G3NZE0","G3NZH1","G3NZN3","G3P082","G3P1D2","G3P3A2","G3P5J3","G3P5V0","G3P6R2","G3P846","G3P8F3","G3P920","G3PBF5","G3PC16","G3PCK3","G3PDR7","G3PDV0","G3PGM9","G3PH67","G3PH93","G3PJ29","G3PJH2","G3PKP7","G3PLE8","G3PM59","G3PM61","G3PNK3","G3PP08","G3PPP6","G3PPP7","G3PQL2","G3PQX4","G3PT54","G3PUL8","G3PVK9","G3PVY2","G3PXF9","G3PXM2","G3PY88","G3PYA1","G3PYU1","G3PZH5","G3PZK8","G3Q040","G3Q162","G3Q163","G3Q2D6","G3Q2Y3","G3Q310","G3Q3A5","G3Q3C4","G3Q3Z6","G3Q402","G3Q407","G3Q486","G3Q659","G3Q6T4","G3Q930","G3Q972","G3QAJ2","G3QC15","Q804E3"
56.7922831295432,"G3N577","G3N680","G3N858","G3N8J1","G3N8X9","G3N9I0","G3NA14","G3NBA2","G3NBM8","G3NCL3","G3NDE4","G3NFG6","G3NGU5","G3NI60","G3NIW2","G3NJ74","G3NJS1","G3NJU3","G3NLD8","G3NMF2","G3NMY8","G3NNM8","G3NNT7","G3NPA2","G3NRG5","G3NRK0","G3NS10","G3NSC0","G3NU97","G3NUA6","G3NUM7","G3NW63","G3NX96","G3NXW0","G3NY15","G3NY67","G3NYB9","G3NZE0","G3NZH1","G3NZN3","G3P082","G3P1D2","G3P3A2","G3P550","G3P5J3","G3P5V0","G3P6R2","G3P846","G3P8F3","G3P920","G3P9V8","G3PBF5","G3PC16","G3PDR7","G3PDV0","G3PGM9","G3PH93","G3PIX9","G3PJ29","G3PJH2","G3PKP7","G3PLE8","G3PM59","G3PM61","G3PNK3","G3PP08","G3PP48","G3PPP6","G3PPP7","G3PQL2","G3PQX4","G3PT54","G3PUL8","G3PVG3","G3PVK9","G3PVY2","G3PXM2","G3PY88","G3PYA1","G3PYU1","G3PZH5","G3PZK8","G3Q040","G3Q0S4","G3Q162","G3Q163","G3Q2D6","G3Q2Y3","G3Q3A5","G3Q3C4","G3Q3Z6","G3Q402","G3Q486","G3Q4R3","G3Q659","G3Q6T4","G3Q972","G3QAJ2","G3QC15","Q804E3"
56.7922434373426,"G3N577","G3N680","G3N858","G3N8J1","G3N8Q3","G3N8X9","G3N9I0","G3NA14","G3NBA2","G3NBM8","G3NCL3","G3NDE4","G3NFC1","G3NFG6","G3NGD3","G3NGT4","G3NGU5","G3NI60","G3NIW2","G3NJ74","G3NJS1","G3NJU3","G3NLD8","G3NMF2","G3NNM8","G3NNT7","G3NPA2","G3NRG5","G3NRK0","G3NSC0","G3NU97","G3NUM7","G3NW63","G3NX96","G3NXW0","G3NY15","G3NY67","G3NYB9","G3NZE0","G3NZH1","G3NZN3","G3P082","G3P1D2","G3P3A2","G3P5J3","G3P5V0","G3P6R2","G3P846","G3P920","G3PBF5","G3PC16","G3PCK3","G3PDR7","G3PDV0","G3PGM9","G3PH93","G3PIX9","G3PJ29","G3PJH2","G3PKP7","G3PLE8","G3PM59","G3PM61","G3PNK3","G3PNV5","G3PP08","G3PPP6","G3PPP7","G3PQL2","G3PQX4","G3PT54","G3PUL8","G3PVK9","G3PVY2","G3PXF9","G3PXM2","G3PY88","G3PYA1","G3PYU1","G3PZH5","G3PZK8","G3Q040","G3Q162","G3Q163","G3Q2D6","G3Q2Y3","G3Q310","G3Q3A5","G3Q3C4","G3Q3Z6","G3Q402","G3Q407","G3Q486","G3Q4R3","G3Q659","G3Q6T4","G3Q972","G3QAJ2","G3QC15","Q804E3"
56.7922157914533,"G3N577","G3N680","G3N858","G3N8J1","G3N8Q3","G3N8X9","G3N9I0","G3NA14","G3NBA2","G3NBM8","G3NCL3","G3NDE4","G3NEJ2","G3NFC1","G3NFG6","G3NGT4","G3NGU5","G3NI60","G3NIW2","G3NJ74","G3NJS1","G3NJU3","G3NLD8","G3NMF2","G3NMY8","G3NNM8","G3NNT7","G3NPA2","G3NRG5","G3NRK0","G3NSC0","G3NU97","G3NUM7","G3NW63","G3NX96","G3NXW0","G3NY15","G3NY67","G3NYB9","G3NZE0","G3NZH1","G3NZN3","G3P082","G3P1D2","G3P3A2","G3P5J3","G3P5V0","G3P6R2","G3P846","G3P8F3","G3P920","G3PBF5","G3PC16","G3PCK3","G3PDR7","G3PDV0","G3PGM9","G3PH93","G3PIX9","G3PJ29","G3PJH2","G3PKP7","G3PLE8","G3PM59","G3PM61","G3PNK3","G3PP08","G3PPP6","G3PPP7","G3PQL2","G3PQX4","G3PT54","G3PUL8","G3PVK9","G3PVY2","G3PXD9","G3PXF9","G3PXM2","G3PY88","G3PYA1","G3PYU1","G3PZH5","G3PZK8","G3Q040","G3Q162","G3Q163","G3Q2D6","G3Q2Y3","G3Q3A5","G3Q3C4","G3Q3Z6","G3Q402","G3Q407","G3Q486","G3Q659","G3Q6T4","G3Q972","G3QAJ2","G3QC15","Q804E3"
56.7921714140269,"G3N577","G3N680","G3N858","G3N8J1","G3N8Q3","G3N8X9","G3N9I0","G3NA14","G3NBA2","G3NBM8","G3NCL3","G3NDE4","G3NEJ2","G3NEJ8","G3NFC1","G3NFG6","G3NGD3","G3NGT4","G3NGU5","G3NI60","G3NJ74","G3NJS1","G3NJU3","G3NLD8","G3NMF2","G3NNM8","G3NNT7","G3NPA2","G3NRG5","G3NRK0","G3NSC0","G3NU97","G3NUM7","G3NW63","G3NX96","G3NXW0","G3NY15","G3NY67","G3NYB9","G3NZE0","G3NZH1","G3NZN3","G3P082","G3P1D2","G3P3A2","G3P5J3","G3P5V0","G3P6R2","G3P846","G3P8F3","G3P920","G3PBF5","G3PC16","G3PCK3","G3PDR7","G3PDV0","G3PGM9","G3PH67","G3PH93","G3PJ29","G3PJH2","G3PJU0","G3PKP7","G3PLE8","G3PM59","G3PM61","G3PNK3","G3PP08","G3PPP6","G3PPP7","G3PQL2","G3PQX4","G3PT54","G3PUL8","G3PVK9","G3PVY2","G3PXF9","G3PXM2","G3PY88","G3PYA1","G3PYU1","G3PZH5","G3PZK8","G3Q040","G3Q162","G3Q163","G3Q2D6","G3Q2Y3","G3Q3A5","G3Q3C4","G3Q3Z6","G3Q402","G3Q407","G3Q486","G3Q659","G3Q6T4","G3Q972","G3QAJ2","G3QC15","Q804E3"
56.7921212672733,"G3N577","G3N680","G3N858","G3N8J1","G3N8X9","G3N9I0","G3NA14","G3NBA2","G3NBM8","G3NCL3","G3NDE4","G3NEJ2","G3NFC1","G3NFG6","G3NGT4","G3NGU5","G3NI60","G3NIW2","G3NJ74","G3NJS1","G3NJU3","G3NLD8","G3NMF2","G3NNM8","G3NNT7","G3NPA2","G3NRG5","G3NRK0","G3NS10","G3NSC0","G3NU97","G3NUA6","G3NUM7","G3NW63","G3NX96","G3NXW0","G3NY15","G3NY67","G3NYB9","G3NZE0","G3NZH1","G3NZN3","G3P082","G3P1D2","G3P3A2","G3P5J3","G3P5V0","G3P6R2","G3P846","G3P8F3","G3P920","G3PBF5","G3PC16","G3PCK3","G3PDR7","G3PDV0","G3PGM9","G3PH93","G3PIX9","G3PJ29","G3PJH2","G3PJU0","G3PKP7","G3PLE8","G3PM59","G3PM61","G3PNK3","G3PP08","G3PPP6","G3PPP7","G3PQL2","G3PQX4","G3PT54","G3PUL8","G3PVK9","G3PVY2","G3PXF9","G3PXM2","G3PY88","G3PYA1","G3PYU1","G3PZH5","G3PZK8","G3Q040","G3Q162","G3Q163","G3Q2D6","G3Q2Y3","G3Q3A5","G3Q3C4","G3Q3Z6","G3Q402","G3Q407","G3Q486","G3Q659","G3Q6T4","G3Q972","G3QAJ2","G3QC15","Q804E3"
56.7919945283112,"G3N577","G3N680","G3N858","G3N8J1","G3N8Q3","G3N8X9","G3N9I0","G3NA14","G3NBA2","G3NBM8","G3NCL3","G3NDE4","G3NFC1","G3NFG6","G3NGD3","G3NGT4","G3NGU5","G3NI60","G3NIW2","G3NJ74","G3NJS1","G3NJU3","G3NLD8","G3NMF2","G3NNM8","G3NNT7","G3NPA2","G3NRG5","G3NRK0","G3NS10","G3NSC0","G3NU97","G3NUM7","G3NW63","G3NX96","G3NXW0","G3NY15","G3NY67","G3NYB9","G3NZE0","G3NZH1","G3NZN3","G3P082","G3P1D2","G3P3A2","G3P5J3","G3P5V0","G3P6R2","G3P846","G3P920","G3PBF5","G3PC16","G3PCK3","G3PDR7","G3PDV0","G3PGM9","G3PH93","G3PIA0","G3PIX9","G3PJ29","G3PJH2","G3PKP7","G3PLE8","G3PM59","G3PM61","G3PNK3","G3PNV5","G3PP08","G3PPP6","G3PPP7","G3PQL2","G3PQX4","G3PT54","G3PUL8","G3PVK9","G3PVY2","G3PXM2","G3PY88","G3PYA1","G3PYU1","G3PZH5","G3PZK8","G3Q040","G3Q162","G3Q163","G3Q2D6","G3Q2Y3","G3Q310","G3Q3A5","G3Q3C4","G3Q3Z6","G3Q402","G3Q407","G3Q486","G3Q659","G3Q6T4","G3Q972","G3QAJ2","G3QC15","Q804E3"
56.7919934018015,"G3N577","G3N680","G3N858","G3N8J1","G3N8Q3","G3N8X9","G3N9I0","G3NA14","G3NBA2","G3NBM8","G3NCL3","G3NDE4","G3NEJ2","G3NFC1","G3NFG6","G3NGD3","G3NGT4","G3NGU5","G3NI60","G3NIW2","G3NJ74","G3NJS1","G3NJU3","G3NLD8","G3NMF2","G3NNM8","G3NNT7","G3NPA2","G3NRG5","G3NRK0","G3NS10","G3NSC0","G3NU97","G3NUM7","G3NW63","G3NX96","G3NXW0","G3NY15","G3NY67","G3NYB9","G3NZE0","G3NZH1","G3NZN3","G3P082","G3P1D2","G3P3A2","G3P5J3","G3P5V0","G3P6R2","G3P846","G3P920","G3PBF5","G3PC16","G3PCK3","G3PDR7","G3PDV0","G3PGM9","G3PH93","G3PIX9","G3PJ29","G3PJH2","G3PKP7","G3PLE8","G3PM59","G3PM61","G3PNK3","G3PNV5","G3PP08","G3PPP6","G3PPP7","G3PQL2","G3PQX4","G3PT54","G3PUL8","G3PVK9","G3PVY2","G3PXM2","G3PY88","G3PYA1","G3PYU1","G3PZH5","G3PZK8","G3Q040","G3Q162","G3Q163","G3Q2D6","G3Q2Y3","G3Q310","G3Q3A5","G3Q3C4","G3Q3Z6","G3Q402","G3Q407","G3Q486","G3Q659","G3Q6T4","G3Q972","G3QAJ2","G3QC15","Q804E3"
56.7917842963421,"G3N577","G3N680","G3N858","G3N8J1","G3N8Q3","G3N8X9","G3N9I0","G3NA14","G3NBA2","G3NBM8","G3NCL3","G3NDE4","G3NFC1","G3NFG6","G3NGT4","G3NGU5","G3NI60","G3NIW2","G3NJ74","G3NJS1","G3NJU3","G3NLD8","G3NMF2","G3NMY8","G3NNM8","G3NNT7","G3NPA2","G3NRG5","G3NRK0","G3NS10","G3NSC0","G3NU97","G3NUA6","G3NUM7","G3NW63","G3NX96","G3NXW0","G3NY15","G3NY67","G3NYB9","G3NZE0","G3NZH1","G3NZN3","G3P082","G3P1D2","G3P3A2","G3P5J3","G3P5V0","G3P6R2","G3P846","G3P920","G3PBF5","G3PC16","G3PCK3","G3PDR7","G3PDV0","G3PGM9","G3PH93","G3PIX9","G3PJ29","G3PJH2","G3PKP7","G3PLE8","G3PM59","G3PM61","G3PNK3","G3PP08","G3PP48","G3PPP6","G3PPP7","G3PQL2","G3PQX4","G3PT54","G3PUL8","G3PVK9","G3PVY2","G3PXM2","G3PY88","G3PYA1","G3PYU1","G3PZH5","G3PZK8","G3Q040","G3Q162","G3Q163","G3Q1C4","G3Q2D6","G3Q2Y3","G3Q3A5","G3Q3C4","G3Q3Z6","G3Q402","G3Q407","G3Q486","G3Q659","G3Q6T4","G3Q972","G3QAJ2","G3QC15","Q804E3"
56.7917654849552,"G3N577","G3N680","G3N858","G3N8J1","G3N8Q3","G3N8X9","G3N9I0","G3NA14","G3NBA2","G3NBM8","G3NCL3","G3NDE4","G3NFC1","G3NFG6","G3NGD3","G3NGT4","G3NGU5","G3NI60","G3NJ74","G3NJS1","G3NJU3","G3NLD8","G3NMF2","G3NNM8","G3NNT7","G3NPA2","G3NRG5","G3NRK0","G3NSC0","G3NU97","G3NUM7","G3NW63","G3NX96","G3NXW0","G3NY15","G3NY67","G3NYB9","G3NZE0","G3NZH1","G3NZN3","G3P082","G3P1D2","G3P3A2","G3P5J3","G3P5V0","G3P6R2","G3P846","G3P8F3","G3P920","G3PBF5","G3PC16","G3PCK3","G3PDR7","G3PDV0","G3PGM9","G3PH67","G3PH93","G3PJ29","G3PJH2","G3PKP7","G3PLE8","G3PM59","G3PM61","G3PNK3","G3PNV5","G3PP08","G3PPP6","G3PPP7","G3PQL2","G3PQX4","G3PT54","G3PUL8","G3PVK9","G3PVY2","G3PXF9","G3PXM2","G3PY88","G3PYA1","G3PYU1","G3PZH5","G3PZK8","G3Q040","G3Q162","G3Q163","G3Q2D6","G3Q2Y3","G3Q310","G3Q3A5","G3Q3C4","G3Q3Z6","G3Q402","G3Q407","G3Q486","G3Q4R3","G3Q659","G3Q6T4","G3Q972","G3QAJ2","G3QC15","Q804E3"
56.7917435565206,"G3N577","G3N680","G3N858","G3N8J1","G3N8Q3","G3N8X9","G3N9I0","G3NA14","G3NBA2","G3NBM8","G3NCL3","G3NDE4","G3NFC1","G3NFG6","G3NGU5","G3NI60","G3NIW2","G3NJ74","G3NJS1","G3NJU3","G3NLD8","G3NMF2","G3NNM8","G3NNT7","G3NPA2","G3NRG5","G3NRK0","G3NS10","G3NSC0","G3NU97","G3NUA6","G3NUM7","G3NW63","G3NX96","G3NXW0","G3NY15","G3NY67","G3NYB9","G3NZE0","G3NZH1","G3NZN3","G3P082","G3P1D2","G3P3A2","G3P550","G3P5J3","G3P5V0","G3P6R2","G3P846","G3P920","G3P9V8","G3PBF5","G3PC16","G3PDR7","G3PDV0","G3PGM9","G3PH93","G3PIX9","G3PJ29","G3PJH2","G3PKP7","G3PLE8","G3PM59","G3PM61","G3PNK3","G3PP08","G3PP48","G3PPP6","G3PPP7","G3PQL2","G3PQX4","G3PT54","G3PUL8","G3PVG3","G3PVK9","G3PVY2","G3PXM2","G3PY88","G3PYA1","G3PYU1","G3PZH5","G3PZK8","G3Q040","G3Q0S4","G3Q162","G3Q163","G3Q2D6","G3Q2Y3","G3Q3A5","G3Q3C4","G3Q3Z6","G3Q402","G3Q407","G3Q486","G3Q659","G3Q6T4","G3Q972","G3QAJ2","G3QC15","Q804E3"
56.7915439262581,"G3N577","G3N680","G3N858","G3N8J1","G3N8Q3","G3N8X9","G3N9I0","G3NA14","G3NBA2","G3NBM8","G3NCL3","G3NDE4","G3NFC1","G3NFG6","G3NGT4","G3NGU5","G3NI60","G3NIW2","G3NJ74","G3NJS1","G3NJU3","G3NLD8","G3NMF2","G3NNM8","G3NNT7","G3NPA2","G3NRG5","G3NRK0","G3NSC0","G3NU97","G3NUA6","G3NUM7","G3NW63","G3NX96","G3NXW0","G3NY15","G3NY67","G3NYB9","G3NZE0","G3NZH1","G3NZN3","G3P082","G3P1D2","G3P3A2","G3P5J3","G3P5V0","G3P6R2","G3P846","G3P8F3","G3P920","G3PBF5","G3PC16","G3PCK3","G3PDR7","G3PDV0","G3PGM9","G3PH93","G3PIX9","G3PJ29","G3PJH2","G3PKP7","G3PLE8","G3PM59","G3PM61","G3PNK3","G3PP08","G3PP48","G3PPP6","G3PQL2","G3PQX4","G3PT54","G3PUL8","G3PVG3","G3PVK9","G3PVY2","G3PXF9","G3PXM2","G3PY88","G3PYA1","G3PYU1","G3PZH5","G3PZK8","G3Q040","G3Q162","G3Q163","G3Q1C4","G3Q2D6","G3Q2Y3","G3Q3A5","G3Q3C4","G3Q3Z6","G3Q402","G3Q407","G3Q486","G3Q659","G3Q6T4","G3Q972","G3QAJ2","G3QC15","Q804E3"
56.7915268456594,"G3N577","G3N680","G3N858","G3N8J1","G3N8X9","G3N9I0","G3NA14","G3NBA2","G3NBM8","G3NCL3","G3NDE4","G3NFG6","G3NGU5","G3NI60","G3NIW2","G3NJ74","G3NJS1","G3NJU3","G3NLD8","G3NMF2","G3NMY8","G3NNM8","G3NNT7","G3NPA2","G3NRG5","G3NRK0","G3NS10","G3NSC0","G3NU97","G3NUA6","G3NUM7","G3NW63","G3NX96","G3NXW0","G3NY15","G3NY67","G3NYB9","G3NZE0","G3NZH1","G3NZN3","G3P082","G3P1D2","G3P3A2","G3P5J3","G3P5V0","G3P6R2","G3P846","G3P920","G3PBF5","G3PC16","G3PDR7","G3PDV0","G3PGM9","G3PH93","G3PIA0","G3PIX9","G3PJ29","G3PJH2","G3PKP7","G3PLE8","G3PM59","G3PM61","G3PNK3","G3PP08","G3PP48","G3PPP6","G3PPP7","G3PQL2","G3PQX4","G3PT54","G3PUL8","G3PVG3","G3PVK9","G3PVY2","G3PXM2","G3PY88","G3PYA1","G3PYU1","G3PZH5","G3PZK8","G3Q040","G3Q0S4","G3Q162","G3Q163","G3Q1C4","G3Q2D6","G3Q2Y3","G3Q3A5","G3Q3C4","G3Q3Z6","G3Q402","G3Q486","G3Q4R3","G3Q659","G3Q6T4","G3Q724","G3Q972","G3QAJ2","G3QC15","Q804E3"
56.791494714853,"G3N577","G3N680","G3N858","G3N8J1","G3N8Q3","G3N8X9","G3N9I0","G3NA14","G3NBA2","G3NBM8","G3NCL3","G3NDE4","G3NFC1","G3NFG6","G3NGD3","G3NGT4","G3NGU5","G3NI60","G3NJ74","G3NJS1","G3NJU3","G3NLD8","G3NMF2","G3NNM8","G3NNT7","G3NPA2","G3NRG5","G3NRK0","G3NS10","G3NSC0","G3NU97","G3NUA6","G3NUM7","G3NW63","G3NX96","G3NXW0","G3NY15","G3NY67","G3NYB9","G3NZE0","G3NZH1","G3NZN3","G3P082","G3P1D2","G3P3A2","G3P5J3","G3P5V0","G3P6R2","G3P846","G3P8F3","G3P920","G3PBF5","G3PC16","G3PCK3","G3PDR7","G3PDV0","G3PGM9","G3PH93","G3PIX9","G3PJ29","G3PJH2","G3PJU0","G3PKP7","G3PLE8","G3PM59","G3PM61","G3PNK3","G3PP08","G3PPP6","G3PPP7","G3PQL2","G3PQX4","G3PT54","G3PUL8","G3PVK9","G3PVY2","G3PXF9","G3PXM2","G3PY88","G3PYA1","G3PYU1","G3PZH5","G3PZK8","G3Q040","G3Q162","G3Q163","G3Q2D6","G3Q2Y3","G3Q3A5","G3Q3C4","G3Q3Z6","G3Q402","G3Q407","G3Q486","G3Q659","G3Q6T4","G3Q972","G3QAJ2","G3QC15","Q804E3"
56.791487004769,"G3N577","G3N680","G3N858","G3N8J1","G3N8X9","G3N9I0","G3NA14","G3NBA2","G3NBM8","G3NCL3","G3NDE4","G3NEJ2","G3NEJ8","G3NFG6","G3NGT4","G3NGU5","G3NI60","G3NIW2","G3NJ74","G3NJS1","G3NJU3","G3NLD8","G3NMF2","G3NMY8","G3NNM8","G3NNT7","G3NPA2","G3NRG5","G3NRK0","G3NSC0","G3NU97","G3NUM7","G3NW63","G3NX96","G3NXW0","G3NY15","G3NY67","G3NYB9","G3NZE0","G3NZH1","G3NZN3","G3P082","G3P1D2","G3P3A2","G3P5J3","G3P5V0","G3P6R2","G3P846","G3P8F3","G3P920","G3PBF5","G3PC16","G3PCK3","G3PDR7","G3PDV0","G3PGM9","G3PH67","G3PH93","G3PIX9","G3PJ29","G3PJH2","G3PKP7","G3PLE8","G3PM59","G3PM61","G3PNK3","G3PP08","G3PPP6","G3PPP7","G3PQL2","G3PQX4","G3PT54","G3PUL8","G3PVK9","G3PVY2","G3PXD9","G3PXM2","G3PY88","G3PYA1","G3PYU1","G3PZH5","G3PZK8","G3Q040","G3Q162","G3Q163","G3Q2D6","G3Q2Y3","G3Q3A5","G3Q3C4","G3Q3Z6","G3Q402","G3Q407","G3Q486","G3Q4R3","G3Q659","G3Q6T4","G3Q972","G3QAJ2","G3QC15","Q804E3"
56.7911672773069,"G3N577","G3N680","G3N858","G3N8J1","G3N8Q3","G3N8X9","G3N9I0","G3NA14","G3NBA2","G3NBM8","G3NCL3","G3NDE4","G3NEJ2","G3NFC1","G3NFG6","G3NGD3","G3NGT4","G3NGU5","G3NI60","G3NJ74","G3NJS1","G3NJU3","G3NLD8","G3NMF2","G3NNM8","G3NNT7","G3NPA2","G3NRG5","G3NRK0","G3NSC0","G3NU97","G3NUM7","G3NW63","G3NX96","G3NXW0","G3NY15","G3NY67","G3NYB9","G3NZE0","G3NZH1","G3NZN3","G3P082","G3P1D2","G3P3A2","G3P5J3","G3P5V0","G3P6R2","G3P846","G3P8F3","G3P920","G3PBF5","G3PC16","G3PCK3","G3PDR7","G3PDV0","G3PGM9","G3PH67","G3PH93","G3PIX9","G3PJ29","G3PJH2","G3PKP7","G3PLE8","G3PM59","G3PM61","G3PNK3","G3PNV5","G3PP08","G3PPP6","G3PQL2","G3PQX4","G3PT54","G3PUL8","G3PVK9","G3PVY2","G3PXF9","G3PXM2","G3PY88","G3PYA1","G3PYU1","G3PZH5","G3PZK8","G3Q040","G3Q162","G3Q163","G3Q2D6","G3Q2Y3","G3Q310","G3Q3A5","G3Q3C4","G3Q3Z6","G3Q402","G3Q407","G3Q486","G3Q659","G3Q6T4","G3Q972","G3QAJ2","G3QC15","Q804E3"
56.7911011733403,"G3N577","G3N680","G3N858","G3N8J1","G3N8Q3","G3N8X9","G3N9I0","G3NA14","G3NBA2","G3NBM8","G3NCL3","G3NDE4","G3NFC1","G3NFG6","G3NGD3","G3NGT4","G3NGU5","G3NI60","G3NIW2","G3NJ74","G3NJS1","G3NJU3","G3NLD8","G3NMF2","G3NMY8","G3NNM8","G3NNT7","G3NPA2","G3NRG5","G3NRK0","G3NSC0","G3NU97","G3NUM7","G3NW63","G3NX96","G3NXW0","G3NY15","G3NY67","G3NYB9","G3NZE0","G3NZH1","G3NZN3","G3P082","G3P1D2","G3P3A2","G3P5J3","G3P5V0","G3P6R2","G3P846","G3P8F3","G3P920","G3PBF5","G3PC16","G3PCK3","G3PDR7","G3PDV0","G3PGM9","G3PH93","G3PIX9","G3PJ29","G3PJH2","G3PKP7","G3PLE8","G3PM59","G3PM61","G3PNK3","G3PP08","G3PPP6","G3PPP7","G3PQL2","G3PQX4","G3PT54","G3PUL8","G3PVK9","G3PVY2","G3PXF9","G3PXM2","G3PY88","G3PYA1","G3PYU1","G3PZH5","G3PZK8","G3Q040","G3Q162","G3Q163","G3Q2D6","G3Q2Y3","G3Q310","G3Q3A5","G3Q3C4","G3Q3Z6","G3Q402","G3Q407","G3Q486","G3Q659","G3Q6T4","G3Q972","G3QAJ2","G3QC15","Q804E3"
56.7910618283556,"G3N577","G3N680","G3N858","G3N8J1","G3N8Q3","G3N8X9","G3N9I0","G3NA14","G3NBA2","G3NBM8","G3NCL3","G3NDE4","G3NEJ2","G3NFC1","G3NFG6","G3NGD3","G3NGT4","G3NGU5","G3NI60","G3NIW2","G3NJ74","G3NJS1","G3NJU3","G3NLD8","G3NMF2","G3NNM8","G3NNT7","G3NPA2","G3NRG5","G3NRK0","G3NSC0","G3NU97","G3NUM7","G3NW63","G3NX96","G3NXW0","G3NY15","G3NY67","G3NYB9","G3NZE0","G3NZH1","G3NZN3","G3P082","G3P1D2","G3P3A2","G3P5J3","G3P5V0","G3P6R2","G3P846","G3P8F3","G3P920","G3PBF5","G3PC16","G3PCK3","G3PDR7","G3PDV0","G3PGM9","G3PH93","G3PIX9","G3PJ29","G3PJH2","G3PKP7","G3PLE8","G3PM59","G3PM61","G3PNK3","G3PP08","G3PPP6","G3PPP7","G3PQL2","G3PQX4","G3PT54","G3PUL8","G3PVK9","G3PVY2","G3PXD9","G3PXF9","G3PXM2","G3PY88","G3PYA1","G3PYU1","G3PZH5","G3PZK8","G3Q040","G3Q162","G3Q163","G3Q2D6","G3Q2Y3","G3Q3A5","G3Q3C4","G3Q3Z6","G3Q402","G3Q407","G3Q486","G3Q659","G3Q6T4","G3Q972","G3QAJ2","G3QC15","Q804E3"
56.7909969184102,"G3N577","G3N680","G3N858","G3N8J1","G3N8Q3","G3N8X9","G3N9I0","G3NA14","G3NBM8","G3NCL3","G3NDE4","G3NEJ2","G3NFC1","G3NFG6","G3NGD3","G3NGT4","G3NGU5","G3NI60","G3NJ74","G3NJS1","G3NJU3","G3NLD8","G3NMF2","G3NNM8","G3NNT7","G3NPA2","G3NRG5","G3NRK0","G3NSC0","G3NU97","G3NUM7","G3NW63","G3NX96","G3NXW0","G3NY15","G3NY67","G3NYB9","G3NZE0","G3NZH1","G3NZN3","G3P082","G3P1D2","G3P3A2","G3P5J3","G3P5V0","G3P6R2","G3P846","G3P8F3","G3P920","G3PBF5","G3PC16","G3PCK3","G3PDR7","G3PDV0","G3PGM9","G3PH67","G3PH93","G3PIX9","G3PJ29","G3PJH2","G3PKP7","G3PLE8","G3PM59","G3PM61","G3PNK3","G3PP08","G3PPP6","G3PPP7","G3PQL2","G3PQX4","G3PT54","G3PUL8","G3PVK9","G3PVY2","G3PXF9","G3PXM2","G3PY88","G3PYA1","G3PYU1","G3PZH5","G3PZK8","G3Q040","G3Q162","G3Q163","G3Q2D6","G3Q2Y3","G3Q310","G3Q3A5","G3Q3C4","G3Q3Z6","G3Q402","G3Q407","G3Q486","G3Q4R3","G3Q659","G3Q6T4","G3Q972","G3QAJ2","G3QC15","Q804E3"
56.7909540552198,"G3N577","G3N680","G3N858","G3N8J1","G3N8Q3","G3N8X9","G3N9I0","G3NA14","G3NBA2","G3NBM8","G3NCL3","G3NDE4","G3NFC1","G3NFG6","G3NGT4","G3NGU5","G3NI60","G3NIW2","G3NJ74","G3NJS1","G3NJU3","G3NLD8","G3NMF2","G3NMY8","G3NNM8","G3NNT7","G3NPA2","G3NRG5","G3NRK0","G3NS10","G3NSC0","G3NU97","G3NUA6","G3NUM7","G3NW63","G3NX96","G3NXW0","G3NY15","G3NY67","G3NYB9","G3NZE0","G3NZH1","G3NZN3","G3P082","G3P1D2","G3P3A2","G3P5J3","G3P5V0","G3P6R2","G3P846","G3P8F3","G3P920","G3PBF5","G3PC16","G3PCK3","G3PDR7","G3PDV0","G3PGM9","G3PH93","G3PIX9","G3PJ29","G3PJH2","G3PKP7","G3PLE8","G3PM59","G3PM61","G3PNK3","G3PP08","G3PPP6","G3PPP7","G3PQL2","G3PQX4","G3PT54","G3PUL8","G3PVK9","G3PVY2","G3PXM2","G3PY88","G3PYA1","G3PYU1","G3PZH5","G3PZK8","G3Q040","G3Q162","G3Q163","G3Q1C4","G3Q2D6","G3Q2Y3","G3Q3A5","G3Q3C4","G3Q3Z6","G3Q402","G3Q407","G3Q486","G3Q659","G3Q6T4","G3Q972","G3QAJ2","G3QC15","Q804E3"
56.79094044762,"G3N577","G3N680","G3N858","G3N8J1","G3N8Q3","G3N8X9","G3N9I0","G3NA14","G3NBA2","G3NBM8","G3NCL3","G3NDE4","G3NEJ2","G3NFC1","G3NFG6","G3NGD3","G3NGT4","G3NGU5","G3NI60","G3NIW2","G3NJ74","G3NJS1","G3NJU3","G3NLD8","G3NMF2","G3NNM8","G3NNT7","G3NPA2","G3NRG5","G3NRK0","G3NSC0","G3NU97","G3NUM7","G3NW63","G3NX96","G3NXW0","G3NY15","G3NY67","G3NYB9","G3NZE0","G3NZH1","G3NZN3","G3P082","G3P1D2","G3P3A2","G3P5J3","G3P5V0","G3P6R2","G3P846","G3P8F3","G3P920","G3PBF5","G3PC16","G3PCK3","G3PDR7","G3PDV0","G3PGM9","G3PH93","G3PIX9","G3PJ29","G3PJH2","G3PKP7","G3PLE8","G3PM59","G3PM61","G3PNK3","G3PP08","G3PPP6","G3PPP7","G3PQL2","G3PQX4","G3PT54","G3PUL8","G3PVK9","G3PVY2","G3PXF9","G3PXM2","G3PY88","G3PYA1","G3PYU1","G3PZH5","G3PZK8","G3Q040","G3Q0S4","G3Q162","G3Q163","G3Q2D6","G3Q2Y3","G3Q3A5","G3Q3C4","G3Q3Z6","G3Q402","G3Q407","G3Q486","G3Q659","G3Q6T4","G3Q972","G3QAJ2","G3QC15","Q804E3"
56.7908515436787,"G3N577","G3N680","G3N858","G3N8J1","G3N8Q3","G3N8X9","G3N9I0","G3NA14","G3NBA2","G3NBM8","G3NCL3","G3NDE4","G3NFC1","G3NFG6","G3NGD3","G3NGT4","G3NGU5","G3NI60","G3NIW2","G3NJ74","G3NJS1","G3NJU3","G3NLD8","G3NMF2","G3NMY8","G3NNM8","G3NNT7","G3NPA2","G3NRG5","G3NRK0","G3NS10","G3NSC0","G3NU97","G3NUA6","G3NUM7","G3NW63","G3NX96","G3NXW0","G3NY15","G3NY67","G3NYB9","G3NZE0","G3NZH1","G3NZN3","G3P082","G3P1D2","G3P3A2","G3P5J3","G3P5V0","G3P6R2","G3P846","G3P8F3","G3P920","G3PBF5","G3PC16","G3PCK3","G3PDR7","G3PDV0","G3PGM9","G3PH93","G3PIX9","G3PJ29","G3PJH2","G3PKP7","G3PLE8","G3PM59","G3PM61","G3PNK3","G3PNV5","G3PP08","G3PPP6","G3PQL2","G3PQX4","G3PT54","G3PUL8","G3PVK9","G3PVY2","G3PXM2","G3PY88","G3PYA1","G3PYU1","G3PZH5","G3PZK8","G3Q040","G3Q162","G3Q163","G3Q2D6","G3Q2Y3","G3Q3A5","G3Q3C4","G3Q3Z6","G3Q402","G3Q407","G3Q486","G3Q659","G3Q6T4","G3Q972","G3QAJ2","G3QC15","Q804E3"
56.7907058817153,"G3N577","G3N680","G3N858","G3N8J1","G3N8X9","G3N9I0","G3NA14","G3NBA2","G3NBM8","G3NCL3","G3NDE4","G3NEJ8","G3NFG6","G3NGU5","G3NI60","G3NIW2","G3NJ74","G3NJS1","G3NJU3","G3NLD8","G3NMF2","G3NNM8","G3NNT7","G3NPA2","G3NRG5","G3NRK0","G3NS10","G3NSC0","G3NU97","G3NUA6","G3NUM7","G3NW63","G3NX96","G3NXW0","G3NY15","G3NY67","G3NYB9","G3NZE0","G3NZH1","G3NZN3","G3P082","G3P1D2","G3P3A2","G3P5J3","G3P5V0","G3P6R2","G3P846","G3P8F3","G3P920","G3PBF5","G3PC16","G3PDR7","G3PDV0","G3PGM9","G3PH93","G3PIA0","G3PIX9","G3PJ29","G3PJH2","G3PKP7","G3PLE8","G3PM59","G3PM61","G3PNK3","G3PP08","G3PP48","G3PPP6","G3PPP7","G3PQL2","G3PQX4","G3PT54","G3PUL8","G3PVG3","G3PVK9","G3PVY2","G3PXM2","G3PY88","G3PYA1","G3PYU1","G3PZH5","G3PZK8","G3Q040","G3Q0S4","G3Q162","G3Q163","G3Q1C4","G3Q2D6","G3Q2Y3","G3Q3A5","G3Q3C4","G3Q3Z6","G3Q402","G3Q486","G3Q4R3","G3Q659","G3Q6T4","G3Q972","G3QAJ2","G3QC15","Q804E3"
56.7907052666045,"G3N577","G3N680","G3N858","G3N8J1","G3N8X9","G3N9I0","G3NA14","G3NBA2","G3NBM8","G3NCL3","G3NDE4","G3NFG6","G3NGT4","G3NGU5","G3NI60","G3NIW2","G3NJ74","G3NJS1","G3NJU3","G3NLD8","G3NMF2","G3NNM8","G3NNT7","G3NPA2","G3NRG5","G3NRK0","G3NS10","G3NSC0","G3NU97","G3NUA6","G3NUM7","G3NW63","G3NX96","G3NXW0","G3NY15","G3NY67","G3NYB9","G3NZE0","G3NZH1","G3NZN3","G3P082","G3P1D2","G3P3A2","G3P5J3","G3P5V0","G3P6R2","G3P846","G3P8F3","G3P920","G3PBF5","G3PC16","G3PCK3","G3PDR7","G3PDV0","G3PGM9","G3PH93","G3PIX9","G3PJ29","G3PJH2","G3PKP7","G3PLE8","G3PM59","G3PM61","G3PNK3","G3PP08","G3PP48","G3PPP6","G3PPP7","G3PQL2","G3PQX4","G3PT54","G3PUL8","G3PVG3","G3PVK9","G3PVY2","G3PXM2","G3PY88","G3PYA1","G3PYU1","G3PZH5","G3PZK8","G3Q040","G3Q0S4","G3Q162","G3Q163","G3Q1C4","G3Q2D6","G3Q2Y3","G3Q3A5","G3Q3C4","G3Q3Z6","G3Q402","G3Q407","G3Q486","G3Q659","G3Q6T4","G3Q972","G3QAJ2","G3QC15","Q804E3"
56.7907051025272,"G3N577","G3N680","G3N7B4","G3N858","G3N8J1","G3N8X9","G3N9I0","G3NA14","G3NBA2","G3NBM8","G3NCL3","G3NDE4","G3NFG6","G3NGU5","G3NI60","G3NIW2","G3NJ74","G3NJS1","G3NJU3","G3NLD8","G3NMF2","G3NMY8","G3NNM8","G3NNT7","G3NPA2","G3NRG5","G3NRK0","G3NS10","G3NSC0","G3NU97","G3NUA6","G3NUM7","G3NW63","G3NX96","G3NXW0","G3NY15","G3NY67","G3NYB9","G3NZE0","G3NZH1","G3NZN3","G3P082","G3P1D2","G3P3A2","G3P550","G3P5J3","G3P5V0","G3P6R2","G3P846","G3P920","G3PBF5","G3PC16","G3PDR7","G3PDV0","G3PGM9","G3PH93","G3PIA0","G3PIX9","G3PJ29","G3PJH2","G3PKP7","G3PLE8","G3PM59","G3PM61","G3PNK3","G3PNV5","G3PP08","G3PP48","G3PPP6","G3PPP7","G3PQL2","G3PQX4","G3PT54","G3PUL8","G3PVK9","G3PVY2","G3PXM2","G3PY88","G3PYA1","G3PYU1","G3PZH5","G3PZK8","G3Q040","G3Q162","G3Q163","G3Q1C4","G3Q2D6","G3Q2Y3","G3Q3A5","G3Q3C4","G3Q3Z6","G3Q402","G3Q486","G3Q4R3","G3Q659","G3Q6T4","G3Q972","G3QAJ2","G3QC15","Q804E3"
56.7905975797766,"G3N577","G3N680","G3N858","G3N8J1","G3N8Q3","G3N8X9","G3N9I0","G3NA14","G3NBA2","G3NBM8","G3NCL3","G3NDE4","G3NEJ2","G3NFC1","G3NFG6","G3NGD3","G3NGT4","G3NGU5","G3NI60","G3NJ74","G3NJS1","G3NJU3","G3NLD8","G3NMF2","G3NNM8","G3NNT7","G3NPA2","G3NRG5","G3NRK0","G3NSC0","G3NU97","G3NUM7","G3NW63","G3NX96","G3NXW0","G3NY15","G3NY67","G3NYB9","G3NZE0","G3NZH1","G3NZN3","G3P082","G3P1D2","G3P3A2","G3P5J3","G3P5V0","G3P6R2","G3P846","G3P8F3","G3P920","G3PBF5","G3PC16","G3PCE1","G3PCK3","G3PDR7","G3PDV0","G3PGM9","G3PH67","G3PH93","G3PJ29","G3PJH2","G3PKP7","G3PLE8","G3PM59","G3PM61","G3PNK3","G3PP08","G3PPP6","G3PPP7","G3PQL2","G3PQX4","G3PT54","G3PUL8","G3PVK9","G3PVY2","G3PXF9","G3PXM2","G3PY88","G3PYA1","G3PYU1","G3PZH5","G3PZK8","G3Q040","G3Q162","G3Q163","G3Q2D6","G3Q2Y3","G3Q310","G3Q3A5","G3Q3C4","G3Q3Z6","G3Q402","G3Q407","G3Q486","G3Q659","G3Q6T4","G3Q972","G3QAJ2","G3QC15","Q804E3"
56.7904919799364,"G3N577","G3N680","G3N858","G3N8J1","G3N8X9","G3N9I0","G3NA14","G3NBA2","G3NBM8","G3NCL3","G3NDE4","G3NFC1","G3NFG6","G3NGT4","G3NGU5","G3NI60","G3NIW2","G3NJ74","G3NJS1","G3NJU3","G3NLD8","G3NMF2","G3NNM8","G3NNT7","G3NPA2","G3NRG5","G3NRK0","G3NS10","G3NSC0","G3NU97","G3NUA6","G3NUM7","G3NW63","G3NX96","G3NXW0","G3NY15","G3NY67","G3NYB9","G3NZE0","G3NZH1","G3NZN3","G3P082","G3P1D2","G3P3A2","G3P5J3","G3P5V0","G3P6R2","G3P846","G3P8F3","G3P920","G3PBF5","G3PC16","G3PCK3","G3PDR7","G3PDV0","G3PGM9","G3PH93","G3PIX9","G3PJ29","G3PJH2","G3PKP7","G3PLE8","G3PM59","G3PM61","G3PNK3","G3PP08","G3PP48","G3PPP6","G3PPP7","G3PQL2","G3PQX4","G3PT54","G3PUL8","G3PVK9","G3PVY2","G3PXM2","G3PY88","G3PYA1","G3PYU1","G3PZH5","G3PZK8","G3Q040","G3Q0S4","G3Q162","G3Q163","G3Q1C4","G3Q2D6","G3Q2Y3","G3Q3A5","G3Q3C4","G3Q3Z6","G3Q402","G3Q407","G3Q486","G3Q659","G3Q6T4","G3Q972","G3QAJ2","G3QC15","Q804E3"
56.7904344891676,"G3N577","G3N680","G3N858","G3N8J1","G3N8X9","G3N9I0","G3NA14","G3NBA2","G3NBM8","G3NCL3","G3NDE4","G3NEJ2","G3NEJ8","G3NFC1","G3NFG6","G3NGT4","G3NGU5","G3NI60","G3NIW2","G3NJ74","G3NJS1","G3NJU3","G3NLD8","G3NMF2","G3NNM8","G3NNT7","G3NPA2","G3NRG5","G3NRK0","G3NS10","G3NSC0","G3NU97","G3NUA6","G3NUM7","G3NW63","G3NX96","G3NXW0","G3NY15","G3NY67","G3NYB9","G3NZE0","G3NZH1","G3NZN3","G3P082","G3P1D2","G3P3A2","G3P5J3","G3P5V0","G3P6R2","G3P846","G3P8F3","G3P920","G3PBF5","G3PC16","G3PCK3","G3PDR7","G3PDV0","G3PGM9","G3PH93","G3PIX9","G3PJ29","G3PJH2","G3PKP7","G3PLE8","G3PM59","G3PM61","G3PNK3","G3PP08","G3PPP6","G3PPP7","G3PQL2","G3PQX4","G3PT54","G3PUL8","G3PVK9","G3PVY2","G3PXM2","G3PY88","G3PYA1","G3PYU1","G3PZH5","G3PZK8","G3Q040","G3Q162","G3Q163","G3Q2D6","G3Q2Y3","G3Q3A5","G3Q3C4","G3Q3Z6","G3Q402","G3Q407","G3Q486","G3Q4R3","G3Q659","G3Q6T4","G3Q972","G3QAJ2","G3QC15","Q804E3"
56.7903492076885,"G3N577","G3N680","G3N858","G3N8J1","G3N8X9","G3N9I0","G3NA14","G3NBA2","G3NBM8","G3NCL3","G3NDE4","G3NEJ2","G3NFG6","G3NGT4","G3NGU5","G3NI60","G3NIW2","G3NJ74","G3NJS1","G3NJU3","G3NLD8","G3NMF2","G3NMY8","G3NNM8","G3NNT7","G3NPA2","G3NRG5","G3NRK0","G3NS10","G3NSC0","G3NU97","G3NUA6","G3NUM7","G3NW63","G3NX96","G3NXW0","G3NY15","G3NY67","G3NYB9","G3NZE0","G3NZH1","G3NZN3","G3P082","G3P1D2","G3P3A2","G3P5J3","G3P5V0","G3P6R2","G3P846","G3P8F3","G3P920","G3PBF5","G3PC16","G3PCK3","G3PDR7","G3PDV0","G3PGM9","G3PH93","G3PIX9","G3PJ29","G3PJH2","G3PKP7","G3PLE8","G3PM59","G3PM61","G3PNK3","G3PP08","G3PPP6","G3PPP7","G3PQL2","G3PQX4","G3PT54","G3PUL8","G3PVK9","G3PVY2","G3PXM2","G3PY88","G3PYA1","G3PYU1","G3PZH5","G3PZK8","G3Q040","G3Q0S4","G3Q162","G3Q163","G3Q2D6","G3Q2Y3","G3Q3A5","G3Q3C4","G3Q3Z6","G3Q402","G3Q407","G3Q486","G3Q4R3","G3Q659","G3Q6T4","G3Q972","G3QAJ2","G3QC15","Q804E3"
56.790326280064,"G3N577","G3N680","G3N858","G3N8J1","G3N8Q3","G3N8X9","G3N9I0","G3NA14","G3NBA2","G3NBM8","G3NCL3","G3NDE4","G3NFC1","G3NFG6","G3NGD3","G3NGT4","G3NGU5","G3NI60","G3NIW2","G3NJ74","G3NJS1","G3NJU3","G3NLD8","G3NMF2","G3NNM8","G3NNT7","G3NPA2","G3NRG5","G3NRK0","G3NSC0","G3NU97","G3NUM7","G3NW63","G3NX96","G3NXW0","G3NY15","G3NY67","G3NYB9","G3NZE0","G3NZH1","G3NZN3","G3P082","G3P1D2","G3P3A2","G3P5J3","G3P5V0","G3P6R2","G3P846","G3P8F3","G3P920","G3PBF5","G3PC16","G3PCK3","G3PDR7","G3PDV0","G3PGM9","G3PH67","G3PH93","G3PIX9","G3PJ29","G3PJH2","G3PKP7","G3PLE8","G3PM59","G3PM61","G3PNK3","G3PNV5","G3PP08","G3PPP6","G3PPP7","G3PQL2","G3PQX4","G3PT54","G3PUL8","G3PVK9","G3PVY2","G3PXF9","G3PXM2","G3PY88","G3PYA1","G3PYU1","G3PZH5","G3Q040","G3Q162","G3Q163","G3Q2D6","G3Q2Y3","G3Q310","G3Q3A5","G3Q3C4","G3Q3Z6","G3Q402","G3Q407","G3Q486","G3Q659","G3Q6T4","G3Q972","G3QAJ2","G3QC15","Q804E3"
56.7902487085295,"G3N577","G3N680","G3N858","G3N8J1","G3N8Q3","G3N8X9","G3N9I0","G3NA14","G3NBA2","G3NBM8","G3NCL3","G3NDE4","G3NEJ2","G3NFC1","G3NFG6","G3NGT4","G3NGU5","G3NI60","G3NIW2","G3NJ74","G3NJS1","G3NJU3","G3NLD8","G3NMF2","G3NMY8","G3NNM8","G3NNT7","G3NPA2","G3NRG5","G3NRK0","G3NS10","G3NSC0","G3NU97","G3NUM7","G3NW63","G3NX96","G3NXW0","G3NY15","G3NY67","G3NYB9","G3NZE0","G3NZH1","G3NZN3","G3P082","G3P1D2","G3P3A2","G3P5J3","G3P5V0","G3P6R2","G3P846","G3P8F3","G3P920","G3PBF5","G3PC16","G3PCK3","G3PDR7","G3PDV0","G3PGM9","G3PH93","G3PIA0","G3PIX9","G3PJ29","G3PJH2","G3PKP7","G3PLE8","G3PM59","G3PM61","G3PNK3","G3PP08","G3PPP6","G3PPP7","G3PQL2","G3PQX4","G3PT54","G3PUL8","G3PVK9","G3PVY2","G3PXM2","G3PY88","G3PYA1","G3PYU1","G3PZH5","G3PZK8","G3Q040","G3Q162","G3Q163","G3Q2D6","G3Q2Y3","G3Q3A5","G3Q3C4","G3Q3Z6","G3Q402","G3Q407","G3Q486","G3Q659","G3Q6T4","G3Q972","G3QAJ2","G3QC15","Q804E3"
56.7901661223475,"G3N577","G3N680","G3N858","G3N8J1","G3N8X9","G3N9I0","G3NA14","G3NBA2","G3NBM8","G3NCL3","G3NDE4","G3NEJ2","G3NFG6","G3NGT4","G3NGU5","G3NI60","G3NIW2","G3NJ74","G3NJS1","G3NJU3","G3NLD8","G3NMF2","G3NMY8","G3NNM8","G3NNT7","G3NPA2","G3NRG5","G3NRK0","G3NS10","G3NSC0","G3NU97","G3NUA6","G3NUM7","G3NW63","G3NX96","G3NXW0","G3NY15","G3NY67","G3NYB9","G3NZE0","G3NZH1","G3NZN3","G3P082","G3P1D2","G3P3A2","G3P5J3","G3P5V0","G3P6R2","G3P846","G3P8F3","G3P920","G3PBF5","G3PC16","G3PCK3","G3PDR7","G3PDV0","G3PGM9","G3PH93","G3PIX9","G3PJ29","G3PJH2","G3PKP7","G3PLE8","G3PM59","G3PM61","G3PNK3","G3PP08","G3PPP6","G3PPP7","G3PQL2","G3PQX4","G3PT54","G3PUL8","G3PVK9","G3PVY2","G3PXD9","G3PXM2","G3PY88","G3PYA1","G3PYU1","G3PZH5","G3PZK8","G3Q040","G3Q162","G3Q163","G3Q2D6","G3Q2Y3","G3Q3A5","G3Q3C4","G3Q3Z6","G3Q402","G3Q407","G3Q486","G3Q4R3","G3Q659","G3Q6T4","G3Q972","G3QAJ2","G3QC15","Q804E3"
56.7901395415179,"G3N577","G3N680","G3N858","G3N8J1","G3N8Q3","G3N8X9","G3N9I0","G3NA14","G3NBA2","G3NBM8","G3NCL3","G3NDE4","G3NEJ2","G3NFC1","G3NFG6","G3NGD3","G3NGT4","G3NGU5","G3NI60","G3NJ74","G3NJS1","G3NJU3","G3NLD8","G3NMF2","G3NNM8","G3NNT7","G3NPA2","G3NRG5","G3NRK0","G3NSC0","G3NU97","G3NUM7","G3NW63","G3NX96","G3NXW0","G3NY15","G3NY67","G3NYB9","G3NZE0","G3NZH1","G3NZN3","G3P082","G3P1D2","G3P3A2","G3P5J3","G3P5V0","G3P6R2","G3P846","G3P8F3","G3P920","G3PBF5","G3PBS8","G3PC16","G3PCK3","G3PDR7","G3PDV0","G3PGM9","G3PH93","G3PJ29","G3PJH2","G3PJU0","G3PKP7","G3PLE8","G3PM59","G3PM61","G3PNK3","G3PP08","G3PPP6","G3PPP7","G3PQL2","G3PQX4","G3PT54","G3PUL8","G3PVK9","G3PVY2","G3PXF9","G3PXM2","G3PY88","G3PYA1","G3PYU1","G3PZH5","G3PZK8","G3Q040","G3Q162","G3Q163","G3Q2D6","G3Q2Y3","G3Q310","G3Q3A5","G3Q3C4","G3Q3Z6","G3Q402","G3Q407","G3Q486","G3Q659","G3Q6T4","G3Q972","G3QAJ2","G3QC15","Q804E3"
56.7901088090588,"G3N577","G3N680","G3N858","G3N8J1","G3N8X9","G3N9I0","G3NA14","G3NBA2","G3NBM8","G3NCL3","G3NDE4","G3NFG6","G3NGU5","G3NI60","G3NIW2","G3NJ74","G3NJS1","G3NJU3","G3NLD8","G3NMF2","G3NMY8","G3NNM8","G3NNT7","G3NPA2","G3NRG5","G3NRK0","G3NS10","G3NSC0","G3NU97","G3NUA6","G3NUM7","G3NW63","G3NX96","G3NXW0","G3NY15","G3NY67","G3NYB9","G3NZE0","G3NZH1","G3NZN3","G3P082","G3P1D2","G3P3A2","G3P5J3","G3P5V0","G3P6R2","G3P846","G3P920","G3PBF5","G3PC16","G3PCK3","G3PDR7","G3PDV0","G3PGM9","G3PH93","G3PIA0","G3PIX9","G3PJ29","G3PJH2","G3PKP7","G3PLE8","G3PM59","G3PM61","G3PNK3","G3PP08","G3PP48","G3PPP6","G3PPP7","G3PQL2","G3PQX4","G3PT54","G3PUL8","G3PVG3","G3PVK9","G3PVY2","G3PXM2","G3PY88","G3PYA1","G3PYU1","G3PZH5","G3PZK8","G3Q040","G3Q0S4","G3Q162","G3Q163","G3Q1C4","G3Q2D6","G3Q2Y3","G3Q3A5","G3Q3C4","G3Q3Z6","G3Q402","G3Q407","G3Q486","G3Q659","G3Q6T4","G3Q972","G3QAJ2","G3QC15","Q804E3"
56.790101484249,"G3N577","G3N680","G3N858","G3N8J1","G3N8X9","G3N9I0","G3NA14","G3NBA2","G3NBM8","G3NCL3","G3NDE4","G3NFG6","G3NGU5","G3NI60","G3NIW2","G3NJ74","G3NJS1","G3NJU3","G3NLD8","G3NMF2","G3NNM8","G3NNT7","G3NPA2","G3NRG5","G3NRK0","G3NS10","G3NSC0","G3NU97","G3NUA6","G3NUM7","G3NW63","G3NX96","G3NXW0","G3NY15","G3NY67","G3NYB9","G3NZE0","G3NZH1","G3NZN3","G3P082","G3P1D2","G3P3A2","G3P550","G3P5J3","G3P5V0","G3P6R2","G3P846","G3P8F3","G3P920","G3P9V8","G3PBF5","G3PC16","G3PDR7","G3PDV0","G3PGM9","G3PH93","G3PIA0","G3PIX9","G3PJ29","G3PJH2","G3PKP7","G3PLE8","G3PM59","G3PM61","G3PNK3","G3PP08","G3PP48","G3PPP6","G3PPP7","G3PQL2","G3PQX4","G3PT54","G3PUL8","G3PVG3","G3PVK9","G3PVY2","G3PXM2","G3PY88","G3PYA1","G3PYU1","G3PZH5","G3PZK8","G3Q040","G3Q0S4","G3Q162","G3Q163","G3Q1C4","G3Q2D6","G3Q2Y3","G3Q3A5","G3Q3C4","G3Q3Z6","G3Q402","G3Q486","G3Q659","G3Q6T4","G3Q972","G3QAJ2","G3QC15","Q804E3"
56.7900147909393,"G3N577","G3N680","G3N858","G3N8J1","G3N8X9","G3N9I0","G3NA14","G3NBA2","G3NBM8","G3NCL3","G3NDE4","G3NEJ8","G3NFG6","G3NGU5","G3NI60","G3NIW2","G3NJ74","G3NJS1","G3NJU3","G3NLD8","G3NMF2","G3NMY8","G3NNM8","G3NNT7","G3NPA2","G3NRG5","G3NRK0","G3NS10","G3NSC0","G3NU97","G3NUA6","G3NUM7","G3NW63","G3NX96","G3NXW0","G3NY15","G3NY67","G3NYB9","G3NZE0","G3NZH1","G3NZN3","G3P082","G3P1D2","G3P3A2","G3P550","G3P5J3","G3P5V0","G3P6R2","G3P846","G3P8F3","G3P920","G3PBF5","G3PC16","G3PDR7","G3PDV0","G3PGM9","G3PH93","G3PIX9","G3PJ29","G3PJH2","G3PKP7","G3PLE8","G3PM59","G3PM61","G3PNK3","G3PNV5","G3PP08","G3PP48","G3PPP6","G3PPP7","G3PQL2","G3PQX4","G3PT54","G3PUL8","G3PVK9","G3PVY2","G3PXM2","G3PY88","G3PYA1","G3PYU1","G3PZH5","G3PZK8","G3Q040","G3Q162","G3Q163","G3Q2D6","G3Q2Y3","G3Q3A5","G3Q3C4","G3Q3Z6","G3Q402","G3Q486","G3Q4R3","G3Q659","G3Q6T4","G3Q724","G3Q972","G3QAJ2","G3QC15","Q804E3"
56.7899947895025,"G3N577","G3N680","G3N858","G3N8J1","G3N8Q3","G3N8X9","G3N9I0","G3NA14","G3NBA2","G3NBM8","G3NCL3","G3NDE4","G3NEJ2","G3NFC1","G3NFG6","G3NGD3","G3NGT4","G3NGU5","G3NI60","G3NIW2","G3NJ74","G3NJS1","G3NJU3","G3NLD8","G3NMF2","G3NNM8","G3NNT7","G3NPA2","G3NRG5","G3NRK0","G3NSC0","G3NU97","G3NUM7","G3NW63","G3NX96","G3NXW0","G3NY15","G3NY67","G3NYB9","G3NZE0","G3NZH1","G3NZN3","G3P082","G3P1D2","G3P3A2","G3P5J3","G3P5V0","G3P6R2","G3P846","G3P920","G3PBF5","G3PC16","G3PCK3","G3PDR7","G3PDV0","G3PGM9","G3PH67","G3PH93","G3PJ29","G3PJH2","G3PKP7","G3PLE8","G3PM59","G3PM61","G3PNK3","G3PNV5","G3PP08","G3PPP6","G3PPP7","G3PQL2","G3PQX4","G3PT54","G3PUL8","G3PVK9","G3PVY2","G3PXF9","G3PXM2","G3PY88","G3PYA1","G3PYU1","G3PZH5","G3PZK8","G3Q040","G3Q162","G3Q163","G3Q2D6","G3Q2Y3","G3Q310","G3Q3A5","G3Q3C4","G3Q3Z6","G3Q402","G3Q407","G3Q486","G3Q659","G3Q6T4","G3Q972","G3QAJ2","G3QC15","Q804E3"
56.7899722144054,"G3N577","G3N680","G3N858","G3N8J1","G3N8X9","G3N9I0","G3NA14","G3NBA2","G3NBM8","G3NCL3","G3NDE4","G3NEJ8","G3NFG6","G3NGU5","G3NI60","G3NIW2","G3NJ74","G3NJS1","G3NJU3","G3NLD8","G3NMF2","G3NMY8","G3NNM8","G3NNT7","G3NPA2","G3NRG5","G3NRK0","G3NS10","G3NSC0","G3NU97","G3NUA6","G3NUM7","G3NW63","G3NX96","G3NXW0","G3NY15","G3NY67","G3NYB9","G3NZE0","G3NZH1","G3NZN3","G3P082","G3P1D2","G3P3A2","G3P5J3","G3P5V0","G3P6R2","G3P846","G3P8F3","G3P920","G3PBF5","G3PC16","G3PDR7","G3PDV0","G3PGM9","G3PH93","G3PIX9","G3PJ29","G3PJH2","G3PKP7","G3PLE8","G3PM59","G3PM61","G3PNK3","G3PP08","G3PP48","G3PPP6","G3PPP7","G3PQL2","G3PQX4","G3PT54","G3PUL8","G3PVG3","G3PVK9","G3PVY2","G3PXM2","G3PY88","G3PYA1","G3PYU1","G3PZH5","G3PZK8","G3Q040","G3Q0S4","G3Q162","G3Q163","G3Q1C4","G3Q2D6","G3Q2Y3","G3Q3A5","G3Q3C4","G3Q3Z6","G3Q402","G3Q486","G3Q4R3","G3Q659","G3Q6T4","G3Q972","G3QAJ2","G3QC15","Q804E3"
56.7899455003213,"G3N577","G3N680","G3N858","G3N8J1","G3N8X9","G3N9I0","G3NA14","G3NBA2","G3NBM8","G3NCL3","G3NDE4","G3NFG6","G3NGU5","G3NI60","G3NIW2","G3NJ74","G3NJS1","G3NJU3","G3NLD8","G3NMF2","G3NNM8","G3NNT7","G3NPA2","G3NRG5","G3NRK0","G3NS10","G3NSC0","G3NU97","G3NUA6","G3NUM7","G3NW63","G3NX96","G3NXW0","G3NY15","G3NY67","G3NYB9","G3NZE0","G3NZH1","G3NZN3","G3P082","G3P1D2","G3P3A2","G3P550","G3P5J3","G3P5V0","G3P6R2","G3P846","G3P920","G3P9V8","G3PBF5","G3PC16","G3PCE1","G3PDR7","G3PDV0","G3PGM9","G3PH93","G3PIA0","G3PIX9","G3PJ29","G3PJH2","G3PKP7","G3PLE8","G3PM59","G3PM61","G3PNK3","G3PP08","G3PP48","G3PPP6","G3PPP7","G3PQL2","G3PQX4","G3PT54","G3PUL8","G3PVG3","G3PVK9","G3PVY2","G3PXM2","G3PY88","G3PYA1","G3PYU1","G3PZH5","G3PZK8","G3Q040","G3Q0S4","G3Q162","G3Q163","G3Q1C4","G3Q2D6","G3Q2Y3","G3Q3A5","G3Q3C4","G3Q3Z6","G3Q402","G3Q486","G3Q659","G3Q6T4","G3Q972","G3QAJ2","G3QC15","Q804E3"
56.7899366277557,"G3N577","G3N680","G3N858","G3N8J1","G3N8Q3","G3N8X9","G3N9I0","G3NA14","G3NBA2","G3NBM8","G3NCL3","G3NDE4","G3NFC1","G3NFG6","G3NGD3","G3NGU5","G3NI60","G3NIW2","G3NJ74","G3NJS1","G3NJU3","G3NLD8","G3NMF2","G3NNM8","G3NNT7","G3NPA2","G3NRG5","G3NRK0","G3NS10","G3NSC0","G3NU97","G3NUA6","G3NUM7","G3NW63","G3NX96","G3NXW0","G3NY15","G3NY67","G3NYB9","G3NZE0","G3NZH1","G3NZN3","G3P082","G3P1D2","G3P3A2","G3P550","G3P5J3","G3P5V0","G3P6R2","G3P846","G3P920","G3PBF5","G3PC16","G3PCK3","G3PDR7","G3PDV0","G3PGM9","G3PH93","G3PIX9","G3PJ29","G3PJH2","G3PKP7","G3PLE8","G3PM59","G3PM61","G3PNK3","G3PP08","G3PP48","G3PPP6","G3PQL2","G3PQX4","G3PT54","G3PUL8","G3PVG3","G3PVK9","G3PVY2","G3PXM2","G3PY88","G3PYA1","G3PYU1","G3PZH5","G3PZK8","G3Q040","G3Q0S4","G3Q162","G3Q163","G3Q2D6","G3Q2Y3","G3Q3A5","G3Q3C4","G3Q3Z6","G3Q402","G3Q407","G3Q486","G3Q659","G3Q6T4","G3Q972","G3QAJ2","G3QC15","Q804E3"
56.7897174658147,"G3N577","G3N680","G3N858","G3N8J1","G3N8X9","G3N9I0","G3NA14","G3NBA2","G3NBM8","G3NCL3","G3NDE4","G3NFG6","G3NGT4","G3NGU5","G3NI60","G3NIW2","G3NJ74","G3NJS1","G3NJU3","G3NLD8","G3NMF2","G3NMY8","G3NNM8","G3NNT7","G3NPA2","G3NRG5","G3NRK0","G3NS10","G3NSC0","G3NU97","G3NUA6","G3NUM7","G3NW63","G3NX96","G3NXW0","G3NY15","G3NY67","G3NYB9","G3NZE0","G3NZH1","G3NZN3","G3P082","G3P1D2","G3P3A2","G3P5J3","G3P5V0","G3P6R2","G3P846","G3P920","G3PBF5","G3PC16","G3PCK3","G3PDR7","G3PDV0","G3PGM9","G3PH93","G3PIX9","G3PJ29","G3PJH2","G3PKP7","G3PLE8","G3PM59","G3PM61","G3PNK3","G3PP08","G3PP48","G3PPP6","G3PPP7","G3PQL2","G3PQX4","G3PT54","G3PUL8","G3PVG3","G3PVK9","G3PVY2","G3PXM2","G3PY88","G3PYA1","G3PYU1","G3PZH5","G3PZK8","G3Q040","G3Q0S4","G3Q162","G3Q163","G3Q1C4","G3Q2D6","G3Q2Y3","G3Q3A5","G3Q3C4","G3Q3Z6","G3Q402","G3Q407","G3Q486","G3Q659","G3Q6T4","G3Q972","G3QAJ2","G3QC15","Q804E3"
56.7897030364264,"G3N577","G3N680","G3N858","G3N8J1","G3N8X9","G3N9I0","G3NA14","G3NBA2","G3NBM8","G3NCL3","G3NDE4","G3NFG6","G3NGU5","G3NI60","G3NIW2","G3NJ74","G3NJS1","G3NJU3","G3NLD8","G3NMF2","G3NMY8","G3NNM8","G3NNT7","G3NPA2","G3NRG5","G3NRK0","G3NS10","G3NSC0","G3NU97","G3NUA6","G3NUM7","G3NW63","G3NX96","G3NXW0","G3NY15","G3NY67","G3NYB9","G3NZE0","G3NZH1","G3NZN3","G3P082","G3P1D2","G3P3A2","G3P5J3","G3P5V0","G3P6R2","G3P846","G3P920","G3PBF5","G3PC16","G3PCE1","G3PDR7","G3PDV0","G3PGM9","G3PH93","G3PIA0","G3PIX9","G3PJ29","G3PJH2","G3PKP7","G3PLE8","G3PM59","G3PM61","G3PNK3","G3PP08","G3PP48","G3PPP6","G3PPP7","G3PQL2","G3PQX4","G3PT54","G3PUL8","G3PVG3","G3PVK9","G3PVY2","G3PXM2","G3PY88","G3PYA1","G3PYU1","G3PZH5","G3PZK8","G3Q040","G3Q0S4","G3Q162","G3Q163","G3Q1C4","G3Q2D6","G3Q2Y3","G3Q3A5","G3Q3C4","G3Q3Z6","G3Q402","G3Q486","G3Q659","G3Q6T4","G3Q724","G3Q972","G3QAJ2","G3QC15","Q804E3"
56.7896976416631,"G3N577","G3N680","G3N858","G3N8J1","G3N8Q3","G3N8X9","G3N9I0","G3NA14","G3NBA2","G3NBM8","G3NCL3","G3NDE4","G3NEJ8","G3NFC1","G3NFG6","G3NGD3","G3NGT4","G3NGU5","G3NI60","G3NIW2","G3NJ74","G3NJS1","G3NJU3","G3NLD8","G3NMF2","G3NNM8","G3NNT7","G3NPA2","G3NRG5","G3NRK0","G3NSC0","G3NU97","G3NUM7","G3NW63","G3NX96","G3NXW0","G3NY15","G3NY67","G3NYB9","G3NZE0","G3NZH1","G3NZN3","G3P082","G3P1D2","G3P3A2","G3P5J3","G3P5V0","G3P6R2","G3P846","G3P8F3","G3P920","G3PBF5","G3PC16","G3PCK3","G3PDR7","G3PDV0","G3PGM9","G3PH93","G3PIX9","G3PJ29","G3PJH2","G3PJU0","G3PKP7","G3PLE8","G3PM59","G3PM61","G3PNK3","G3PP08","G3PPP6","G3PPP7","G3PQL2","G3PQX4","G3PT54","G3PUL8","G3PVK9","G3PVY2","G3PXF9","G3PXM2","G3PY88","G3PYA1","G3PYU1","G3PZH5","G3PZK8","G3Q040","G3Q162","G3Q163","G3Q2D6","G3Q2Y3","G3Q3A5","G3Q3C4","G3Q3Z6","G3Q402","G3Q407","G3Q486","G3Q659","G3Q6T4","G3Q972","G3QAJ2","G3QC15","Q804E3"
56.7896955918094,"G3N577","G3N680","G3N858","G3N8J1","G3N8Q3","G3N8X9","G3N9I0","G3NA14","G3NBM8","G3NCL3","G3NDE4","G3NEJ2","G3NFC1","G3NFG6","G3NGD3","G3NGT4","G3NGU5","G3NI60","G3NIW2","G3NJ74","G3NJS1","G3NJU3","G3NLD8","G3NMF2","G3NNM8","G3NNT7","G3NPA2","G3NRG5","G3NRK0","G3NSC0","G3NU97","G3NUM7","G3NW63","G3NX96","G3NXW0","G3NY15","G3NY67","G3NYB9","G3NZE0","G3NZH1","G3NZN3","G3P082","G3P1D2","G3P3A2","G3P5J3","G3P5V0","G3P6R2","G3P846","G3P8F3","G3P920","G3PBF5","G3PC16","G3PCK3","G3PDR7","G3PDV0","G3PGM9","G3PH67","G3PH93","G3PIX9","G3PJ29","G3PJH2","G3PKP7","G3PLE8","G3PM59","G3PM61","G3PNK3","G3PNV5","G3PP08","G3PPP6","G3PPP7","G3PQL2","G3PQX4","G3PT54","G3PUL8","G3PVK9","G3PVY2","G3PXF9","G3PXM2","G3PY88","G3PYA1","G3PYU1","G3PZH5","G3Q040","G3Q162","G3Q163","G3Q2D6","G3Q2Y3","G3Q310","G3Q3A5","G3Q3C4","G3Q3Z6","G3Q402","G3Q407","G3Q486","G3Q659","G3Q6T4","G3Q972","G3QAJ2","G3QC15","Q804E3"
56.7894797861132,"G3N577","G3N680","G3N858","G3N8J1","G3N8Q3","G3N8X9","G3N9I0","G3NA14","G3NBA2","G3NBM8","G3NCL3","G3NDE4","G3NEJ2","G3NFC1","G3NFG6","G3NGT4","G3NGU5","G3NI60","G3NIW2","G3NJ74","G3NJS1","G3NJU3","G3NLD8","G3NMF2","G3NNM8","G3NNT7","G3NPA2","G3NRG5","G3NRK0","G3NS10","G3NSC0","G3NU97","G3NUA6","G3NUM7","G3NW63","G3NX96","G3NXW0","G3NY15","G3NY67","G3NYB9","G3NZE0","G3NZH1","G3NZN3","G3P082","G3P1D2","G3P3A2","G3P5J3","G3P5V0","G3P6R2","G3P846","G3P920","G3PBF5","G3PC16","G3PCK3","G3PDR7","G3PDV0","G3PGM9","G3PH93","G3PIX9","G3PJ29","G3PJH2","G3PKP7","G3PLE8","G3PM59","G3PM61","G3PNK3","G3PP08","G3PP48","G3PPP6","G3PQL2","G3PQX4","G3PT54","G3PUL8","G3PVG3","G3PVK9","G3PVY2","G3PXM2","G3PY88","G3PYA1","G3PYU1","G3PZH5","G3PZK8","G3Q040","G3Q0S4","G3Q162","G3Q163","G3Q2D6","G3Q2Y3","G3Q3A5","G3Q3C4","G3Q3Z6","G3Q402","G3Q407","G3Q486","G3Q659","G3Q6T4","G3Q972","G3QAJ2","G3QC15","Q804E3"
56.789452163612,"G3N577","G3N680","G3N858","G3N8J1","G3N8X9","G3N9I0","G3NA14","G3NBA2","G3NBM8","G3NCL3","G3NDE4","G3NEJ8","G3NFG6","G3NGU5","G3NI60","G3NIW2","G3NJ74","G3NJS1","G3NJU3","G3NLD8","G3NMF2","G3NMY8","G3NNM8","G3NNT7","G3NPA2","G3NRG5","G3NRK0","G3NS10","G3NSC0","G3NU97","G3NUA6","G3NUM7","G3NW63","G3NX96","G3NXW0","G3NY15","G3NY67","G3NYB9","G3NZE0","G3NZH1","G3NZN3","G3P082","G3P1D2","G3P3A2","G3P550","G3P5J3","G3P5V0","G3P6R2","G3P920","G3PBF5","G3PC16","G3PCE1","G3PDR7","G3PDV0","G3PGM9","G3PH93","G3PIX9","G3PJ29","G3PJH2","G3PKP7","G3PLE8","G3PM59","G3PM61","G3PNK3","G3PNV5","G3PP08","G3PP48","G3PPP6","G3PPP7","G3PQL2","G3PQX4","G3PT54","G3PUL8","G3PVK9","G3PVY2","G3PXM2","G3PY88","G3PYA1","G3PYU1","G3PZH5","G3PZK8","G3Q040","G3Q0S4","G3Q162","G3Q163","G3Q1C4","G3Q2D6","G3Q2Y3","G3Q3A5","G3Q3C4","G3Q3Z6","G3Q402","G3Q486","G3Q4R3","G3Q659","G3Q6T4","G3Q972","G3QAJ2","G3QC15","Q804E3"
56.7894508437196,"G3N577","G3N680","G3N858","G3N8J1","G3N8Q3","G3N8X9","G3N9I0","G3NA14","G3NBA2","G3NBM8","G3NCL3","G3NDE4","G3NFC1","G3NFG6","G3NGT4","G3NGU5","G3NI60","G3NIW2","G3NJ74","G3NJS1","G3NJU3","G3NLD8","G3NMF2","G3NNM8","G3NNT7","G3NPA2","G3NRG5","G3NRK0","G3NS10","G3NSC0","G3NU97","G3NUA6","G3NUM7","G3NW63","G3NX96","G3NXW0","G3NY15","G3NY67","G3NYB9","G3NZE0","G3NZH1","G3NZN3","G3P082","G3P1D2","G3P3A2","G3P550","G3P5J3","G3P5V0","G3P6R2","G3P846","G3P8F3","G3P920","G3PBF5","G3PC16","G3PCE1","G3PCK3","G3PDR7","G3PDV0","G3PGM9","G3PH93","G3PIX9","G3PJ29","G3PJH2","G3PKP7","G3PLE8","G3PM59","G3PM61","G3PNK3","G3PP08","G3PP48","G3PPP6","G3PQL2","G3PQX4","G3PT54","G3PUL8","G3PVK9","G3PVY2","G3PXM2","G3PY88","G3PYA1","G3PYU1","G3PZH5","G3PZK8","G3Q040","G3Q162","G3Q163","G3Q2D6","G3Q2Y3","G3Q3A5","G3Q3C4","G3Q3Z6","G3Q402","G3Q407","G3Q486","G3Q659","G3Q6T4","G3Q972","G3QAJ2","G3QC15","Q804E3"
56.7893554568612,"G3N577","G3N680","G3N858","G3N8J1","G3N8Q3","G3N8X9","G3N9I0","G3NA14","G3NBA2","G3NBM8","G3NCL3","G3NDE4","G3NEJ8","G3NFC1","G3NFG6","G3NGT4","G3NGU5","G3NI60","G3NIW2","G3NJ74","G3NJS1","G3NJU3","G3NLD8","G3NMF2","G3NNM8","G3NNT7","G3NPA2","G3NRG5","G3NRK0","G3NS10","G3NSC0","G3NU97","G3NUA6","G3NUM7","G3NW63","G3NX96","G3NXW0","G3NY15","G3NY67","G3NYB9","G3NZE0","G3NZH1","G3NZN3","G3P082","G3P1D2","G3P3A2","G3P5J3","G3P5V0","G3P6R2","G3P846","G3P8F3","G3P920","G3PBF5","G3PC16","G3PCG6","G3PCK3","G3PDR7","G3PDV0","G3PGM9","G3PH93","G3PIX9","G3PJ29","G3PJH2","G3PKP7","G3PLE8","G3PM59","G3PM61","G3PNK3","G3PP08","G3PPP6","G3PPP7","G3PQL2","G3PQX4","G3PT54","G3PUL8","G3PVK9","G3PVY2","G3PXM2","G3PY88","G3PYA1","G3PYU1","G3PZH5","G3PZK8","G3Q040","G3Q162","G3Q163","G3Q2D6","G3Q2Y3","G3Q3A5","G3Q3C4","G3Q3Z6","G3Q402","G3Q407","G3Q486","G3Q659","G3Q6T4","G3Q972","G3QAJ2","G3QC15","Q804E3"
56.7892949875504,"G3N577","G3N680","G3N858","G3N8J1","G3N8X9","G3N9I0","G3NA14","G3NBA2","G3NBM8","G3NCL3","G3NDE4","G3NEJ8","G3NFG6","G3NGU5","G3NI60","G3NIW2","G3NJ74","G3NJS1","G3NJU3","G3NLD8","G3NMF2","G3NMY8","G3NNM8","G3NNT7","G3NPA2","G3NRG5","G3NRK0","G3NS10","G3NSC0","G3NU97","G3NUA6","G3NUM7","G3NW63","G3NX96","G3NXW0","G3NY15","G3NY67","G3NYB9","G3NZE0","G3NZH1","G3NZN3","G3P082","G3P1D2","G3P3A2","G3P550","G3P5J3","G3P5V0","G3P6R2","G3P846","G3P920","G3PBF5","G3PC16","G3PDR7","G3PDV0","G3PGM9","G3PH93","G3PIA0","G3PIX9","G3PJ29","G3PJH2","G3PKP7","G3PLE8","G3PM59","G3PM61","G3PNK3","G3PNV5","G3PP08","G3PP48","G3PPP6","G3PPP7","G3PQL2","G3PQX4","G3PT54","G3PUL8","G3PVK9","G3PVY2","G3PXM2","G3PY88","G3PYA1","G3PYU1","G3PZH5","G3PZK8","G3Q040","G3Q162","G3Q163","G3Q1C4","G3Q2D6","G3Q2Y3","G3Q3A5","G3Q3C4","G3Q3Z6","G3Q402","G3Q486","G3Q659","G3Q6T4","G3Q724","G3Q972","G3QAJ2","G3QC15","Q804E3"
56.7892780750381,"G3N577","G3N680","G3N858","G3N8J1","G3N8Q3","G3N8X9","G3N9I0","G3NA14","G3NBA2","G3NBM8","G3NCL3","G3NDE4","G3NFC1","G3NFG6","G3NGT4","G3NGU5","G3NI60","G3NIW2","G3NJ74","G3NJS1","G3NJU3","G3NLD8","G3NMF2","G3NNM8","G3NNT7","G3NPA2","G3NRG5","G3NRK0","G3NS10","G3NSC0","G3NU97","G3NUM7","G3NW63","G3NX96","G3NXW0","G3NY15","G3NY67","G3NYB9","G3NZE0","G3NZH1","G3NZN3","G3P082","G3P1D2","G3P3A2","G3P550","G3P5J3","G3P5V0","G3P6R2","G3P846","G3P8F3","G3P920","G3PBF5","G3PC16","G3PCE1","G3PCK3","G3PDR7","G3PDV0","G3PGM9","G3PH93","G3PIX9","G3PJ29","G3PJH2","G3PKP7","G3PLE8","G3PM59","G3PM61","G3PNK3","G3PP08","G3PP48","G3PPP6","G3PPP7","G3PQL2","G3PQX4","G3PT54","G3PUL8","G3PVK9","G3PVY2","G3PXM2","G3PY88","G3PYA1","G3PYU1","G3PZH5","G3PZK8","G3Q040","G3Q162","G3Q163","G3Q2D6","G3Q2Y3","G3Q3A5","G3Q3C4","G3Q3Z6","G3Q402","G3Q407","G3Q486","G3Q659","G3Q6T4","G3Q972","G3QAJ2","G3QC15","Q804E3"
56.7892476349602,"G3N577","G3N680","G3N858","G3N8J1","G3N8Q3","G3N8X9","G3N9I0","G3NA14","G3NBA2","G3NBM8","G3NCL3","G3NDE4","G3NFC1","G3NFG6","G3NGT4","G3NGU5","G3NI60","G3NIW2","G3NJ74","G3NJS1","G3NJU3","G3NLD8","G3NMF2","G3NMY8","G3NNM8","G3NNT7","G3NPA2","G3NRG5","G3NRK0","G3NS10","G3NSC0","G3NU97","G3NUM7","G3NW63","G3NX96","G3NXW0","G3NY15","G3NY67","G3NYB9","G3NZE0","G3NZH1","G3NZN3","G3P082","G3P1D2","G3P3A2","G3P550","G3P5J3","G3P5V0","G3P6R2","G3P846","G3P8F3","G3P920","G3PBF5","G3PC16","G3PCK3","G3PDR7","G3PDV0","G3PGM9","G3PH93","G3PIX9","G3PJ29","G3PJH2","G3PKP7","G3PLE8","G3PM59","G3PM61","G3PNK3","G3PP08","G3PP48","G3PPP6","G3PPP7","G3PQL2","G3PQX4","G3PT54","G3PUL8","G3PVK9","G3PVY2","G3PXM2","G3PY88","G3PYA1","G3PYU1","G3PZH5","G3PZK8","G3Q040","G3Q162","G3Q163","G3Q2D6","G3Q2Y3","G3Q3A5","G3Q3C4","G3Q3Z6","G3Q402","G3Q407","G3Q486","G3Q659","G3Q6T4","G3Q972","G3QAJ2","G3QC15","Q804E3"
56.7892326101218,"G3N577","G3N680","G3N858","G3N8J1","G3N8Q3","G3N8X9","G3N9I0","G3NA14","G3NBA2","G3NBM8","G3NCL3","G3NDE4","G3NFC1","G3NFG6","G3NGD3","G3NGT4","G3NGU5","G3NI60","G3NIW2","G3NJ74","G3NJS1","G3NJU3","G3NLD8","G3NMF2","G3NNM8","G3NNT7","G3NPA2","G3NRG5","G3NRK0","G3NSC0","G3NU97","G3NUM7","G3NW63","G3NX96","G3NXW0","G3NY15","G3NY67","G3NYB9","G3NZE0","G3NZH1","G3NZN3","G3P082","G3P1D2","G3P3A2","G3P5J3","G3P5V0","G3P6R2","G3P846","G3P920","G3PBF5","G3PC16","G3PCK3","G3PDR7","G3PDV0","G3PGM9","G3PH67","G3PH93","G3PIX9","G3PJ29","G3PJH2","G3PKP7","G3PLE8","G3PM59","G3PM61","G3PNK3","G3PNV5","G3PP08","G3PPP6","G3PPP7","G3PQL2","G3PQX4","G3PT54","G3PUL8","G3PVK9","G3PVY2","G3PXF9","G3PXM2","G3PY88","G3PYA1","G3PYU1","G3PZH5","G3PZK8","G3Q040","G3Q162","G3Q163","G3Q2D6","G3Q2Y3","G3Q3A5","G3Q3C4","G3Q3Z6","G3Q402","G3Q407","G3Q486","G3Q4R3","G3Q659","G3Q6T4","G3Q972","G3QAJ2","G3QC15","Q804E3"
56.7892233698439,"G3N577","G3N680","G3N858","G3N8J1","G3N8X9","G3N9I0","G3NA14","G3NBM8","G3NCL3","G3NDE4","G3NEJ2","G3NEJ8","G3NFG6","G3NGT4","G3NGU5","G3NI60","G3NIW2","G3NJ74","G3NJS1","G3NJU3","G3NLD8","G3NMF2","G3NMY8","G3NNM8","G3NNT7","G3NPA2","G3NRG5","G3NRK0","G3NSC0","G3NU97","G3NUA6","G3NUM7","G3NW63","G3NX96","G3NXW0","G3NY15","G3NY67","G3NYB9","G3NZE0","G3NZH1","G3NZN3","G3P082","G3P1D2","G3P3A2","G3P5J3","G3P5V0","G3P6R2","G3P846","G3P8F3","G3P920","G3PBF5","G3PC16","G3PCK3","G3PDR7","G3PDV0","G3PGM9","G3PH93","G3PIX9","G3PJ29","G3PJH2","G3PKP7","G3PLE8","G3PM59","G3PM61","G3PNK3","G3PP08","G3PPP6","G3PPP7","G3PQL2","G3PQX4","G3PT54","G3PUL8","G3PVK9","G3PVY2","G3PXD9","G3PXM2","G3PY88","G3PYA1","G3PYU1","G3PZH5","G3PZK8","G3Q040","G3Q162","G3Q163","G3Q2D6","G3Q2Y3","G3Q3A5","G3Q3C4","G3Q3Z6","G3Q402","G3Q407","G3Q486","G3Q4R3","G3Q659","G3Q6T4","G3Q724","G3Q972","G3QAJ2","G3QC15","Q804E3"
56.7891832954324,"G3N577","G3N680","G3N858","G3N8J1","G3N8Q3","G3N8X9","G3N9I0","G3NA14","G3NBA2","G3NBM8","G3NCL3","G3NDE4","G3NFC1","G3NFG6","G3NGT4","G3NGU5","G3NI60","G3NIW2","G3NJ74","G3NJS1","G3NJU3","G3NLD8","G3NMF2","G3NNM8","G3NNT7","G3NPA2","G3NRG5","G3NRK0","G3NS10","G3NSC0","G3NTC1","G3NU97","G3NUA6","G3NUM7","G3NW63","G3NX96","G3NXW0","G3NY15","G3NY67","G3NYB9","G3NZE0","G3NZH1","G3NZN3","G3P082","G3P1D2","G3P3A2","G3P5J3","G3P5V0","G3P6R2","G3P846","G3P8F3","G3P920","G3PBF5","G3PC16","G3PCK3","G3PDR7","G3PDV0","G3PGM9","G3PH93","G3PIX9","G3PJ29","G3PJH2","G3PKP7","G3PLE8","G3PM59","G3PM61","G3PNK3","G3PP08","G3PP48","G3PPP6","G3PQL2","G3PQX4","G3PT54","G3PUL8","G3PVK9","G3PVY2","G3PXM2","G3PY88","G3PYA1","G3PYU1","G3PZH5","G3PZK8","G3Q040","G3Q0S4","G3Q162","G3Q163","G3Q2D6","G3Q2Y3","G3Q3A5","G3Q3C4","G3Q3Z6","G3Q402","G3Q407","G3Q486","G3Q659","G3Q6T4","G3Q972","G3QAJ2","G3QC15","Q804E3"
