"val","p1","p2","p3","p4","p5","p6","p7","p8","p9","p10","p11","p12","p13","p14","p15","p16","p17","p18","p19","p20"
1.67429411411285,"G3N4W6","G3N556","G3N7Z3","G3NEJ8","G3NGV7","G3NIG2","G3NJS1","G3NMF2","G3NPA2","G3NSC0","G3P584","G3PCG6","G3PLE8","G3PPN8","G3PSB6","G3PY88","G3Q040","G3Q289","G3QBU5","Q804E3"
1.64565488696098,"G3N4W6","G3N754","G3N7Z3","G3NG11","G3NGV7","G3NIG2","G3NJS1","G3NW14","G3NXQ8","G3NZN3","G3P584","G3P8D8","G3P920","G3PA34","G3PLE8","G3PM61","G3PPN8","G3PPP6","G3Q0N5","G3QCC3"
1.64153614640236,"G3N5P1","G3NBG2","G3NE33","G3NEJ8","G3NG11","G3NLD8","G3NMF2","G3NPA2","G3NW14","G3NZN3","G3P8Y4","G3PCE2","G3PCG6","G3PKP7","G3PM61","G3PP08","G3PYA1","G3Q0N5","G3Q972","G3QBU5"
1.63919658958912,"G3N5P1","G3NBG2","G3NE33","G3NEJ8","G3NG11","G3NLD8","G3NMF2","G3NPA2","G3NW14","G3NZN3","G3PCE2","G3PCG6","G3PKP7","G3PM61","G3PP08","G3PY88","G3PYA1","G3Q0N5","G3Q972","G3QBU5"
1.63901834189892,"G3N5P1","G3NBG2","G3NE33","G3NEJ8","G3NG11","G3NLD8","G3NMF2","G3NPA2","G3NW14","G3NZN3","G3PCE2","G3PCG6","G3PKP7","G3PM61","G3PP08","G3PYA1","G3Q0N5","G3Q6T4","G3Q972","G3QBU5"
1.63430918753147,"G3N5P1","G3NBG2","G3NEJ8","G3NG11","G3NLD8","G3NMF2","G3NPA2","G3NW14","G3NZN3","G3P8Y4","G3PCE2","G3PCG6","G3PKP7","G3PM61","G3PP08","G3PY88","G3PYA1","G3Q0N5","G3Q972","G3QBU5"
1.62226247787476,"G3N4W6","G3N577","G3N5P1","G3N7Z3","G3NEJ8","G3NGV7","G3NJS1","G3NLD8","G3NSC0","G3NW14","G3NZN3","G3P8D8","G3P920","G3PCG6","G3PKP7","G3PLE8","G3PM61","G3PY99","G3PYU1","G3Q0N5"
1.62172067165375,"G3N4W6","G3NBG2","G3NG11","G3NJS1","G3NPA2","G3NS10","G3NSC0","G3NZN3","G3P584","G3PCE2","G3PCG6","G3PEH1","G3PJ29","G3PLE8","G3PPN8","G3PSB6","G3PY06","G3PYU1","G3Q0N5","G3QCC3"
1.61994253098965,"G3N5P1","G3NBG2","G3NEJ8","G3NG11","G3NLD8","G3NMF2","G3NPA2","G3NW14","G3NZN3","G3P8Y4","G3PCE2","G3PCG6","G3PKP7","G3PM61","G3PP08","G3PYA1","G3Q0N5","G3Q6T4","G3Q972","G3QBU5"
1.61581666767597,"G3N4W6","G3N577","G3N754","G3N7Z3","G3NG11","G3NGV7","G3NJS1","G3NLD8","G3NLJ0","G3NS10","G3NW14","G3NZN3","G3P8D8","G3P920","G3PCG6","G3PKP7","G3PY99","G3Q0N5","G3Q3Z6","G3QCC3"
1.61503955721855,"G3N4W6","G3NBG2","G3NG11","G3NJS1","G3NPA2","G3NS10","G3NSC0","G3NZN3","G3P584","G3PCE2","G3PCG6","G3PEH1","G3PJ29","G3PLE8","G3PPN8","G3PSB6","G3PY06","G3Q0N5","G3Q393","G3QCC3"
1.61498354375362,"G3N5P1","G3NBG2","G3NE33","G3NEJ8","G3NG11","G3NLD8","G3NMF2","G3NPA2","G3NW14","G3NZN3","G3PCE2","G3PCG6","G3PKP7","G3PM61","G3PP08","G3PVK4","G3PYA1","G3Q0N5","G3Q972","G3QBU5"
1.61498354375362,"G3N5P1","G3NBG2","G3NE33","G3NEJ8","G3NG11","G3NLD8","G3NMF2","G3NPA2","G3NW14","G3NZN3","G3PCE2","G3PCG6","G3PKP7","G3PM61","G3PP08","G3PYA1","G3Q0N5","G3Q3Z6","G3Q972","G3QBU5"
1.61266383528709,"G3N4W6","G3N577","G3N7Z3","G3NG11","G3NGV7","G3NIG2","G3NJS1","G3NW14","G3NXQ8","G3NZN3","G3P584","G3P8D8","G3P920","G3PM61","G3PPP6","G3PY99","G3Q0N5","G3Q2Y3","G3Q6T4","G3QCC3"
1.61204394698143,"G3N4W6","G3NBG2","G3NG11","G3NJS1","G3NPA2","G3NS10","G3NSC0","G3NUA6","G3NZN3","G3P584","G3PCE2","G3PCG6","G3PEH1","G3PJ29","G3PLE8","G3PPN8","G3PSB6","G3PY06","G3Q0N5","G3QCC3"
1.61020761728287,"G3N4W6","G3N754","G3N7Z3","G3NG11","G3NGV7","G3NHE9","G3NJS1","G3NW14","G3NXQ8","G3NZN3","G3P584","G3P8D8","G3P920","G3PA34","G3PLE8","G3PM61","G3PPN8","G3PYU1","G3Q0N5","G3QCC3"
1.60907289385796,"G3N4W6","G3N7Z3","G3N8X9","G3NDE4","G3NE33","G3NG11","G3NGV7","G3NRK0","G3NSC0","G3NW14","G3NXX5","G3NYB9","G3P018","G3P584","G3PCE1","G3PEH1","G3PY06","G3PY99","G3PYA1","G3QCC3"
1.60443016886711,"G3N4W6","G3N556","G3N7Z3","G3NEJ8","G3NGV7","G3NIG2","G3NJS1","G3NMF2","G3NPA2","G3NSC0","G3P584","G3PCE2","G3PCG6","G3PLE8","G3PPN8","G3PSB6","G3Q040","G3Q289","G3QBU5","Q804E3"
1.60316351056099,"G3N4W6","G3NG11","G3NIG2","G3NJS1","G3NPA2","G3NSC0","G3NUA6","G3NW14","G3NZN3","G3P584","G3PCG6","G3PEH1","G3PJ29","G3PLE8","G3PPN8","G3PSB6","G3PY06","G3PY88","G3Q0N5","G3QCC3"
1.60311684012413,"G3N5P1","G3NBG2","G3NE33","G3NEJ8","G3NG11","G3NLD8","G3NMF2","G3NPA2","G3NW14","G3NZN3","G3PCE2","G3PCG6","G3PIG1","G3PKP7","G3PM61","G3PP08","G3PYA1","G3Q0N5","G3Q972","G3QBU5"
1.60246527194977,"G3N4W6","G3NBG2","G3NG11","G3NJS1","G3NPA2","G3NS10","G3NSC0","G3NXX5","G3NZN3","G3P584","G3PCE2","G3PCG6","G3PEH1","G3PJ29","G3PLE8","G3PPN8","G3PSB6","G3PY06","G3Q0N5","G3QCC3"
1.60246527194977,"G3N4W6","G3NBG2","G3NG11","G3NJS1","G3NPA2","G3NS10","G3NSC0","G3NZN3","G3P584","G3P920","G3PCE2","G3PCG6","G3PEH1","G3PJ29","G3PLE8","G3PPN8","G3PSB6","G3PY06","G3Q0N5","G3QCC3"
1.6011934876442,"G3N4W6","G3N577","G3N5P1","G3N7Z3","G3NG11","G3NGV7","G3NJS1","G3NLD8","G3NSC0","G3NZN3","G3P8D8","G3P920","G3PCG6","G3PKP7","G3PLE8","G3PM61","G3PY06","G3PY99","G3Q0N5","G3QCC3"
1.60084210336208,"G3N5P1","G3NBG2","G3NE33","G3NEJ8","G3NG11","G3NLD8","G3NMF2","G3NPA2","G3NW14","G3NZN3","G3PCE1","G3PCE2","G3PCG6","G3PKP7","G3PM61","G3PP08","G3PYA1","G3Q0N5","G3Q972","G3QBU5"
1.59944516420364,"G3N4W6","G3N754","G3N7Z3","G3NG11","G3NGV7","G3NIG2","G3NJS1","G3NW14","G3NXX5","G3NZN3","G3P584","G3P8D8","G3P920","G3PA34","G3PLE8","G3PM61","G3PPN8","G3PPP6","G3Q0N5","G3QCC3"
1.59924434125423,"G3N5P1","G3NBG2","G3NEJ8","G3NG11","G3NLD8","G3NMF2","G3NPA2","G3NW14","G3NZN3","G3P8Y4","G3PCE2","G3PCG6","G3PKP7","G3PM61","G3PP08","G3PVK4","G3PYA1","G3Q0N5","G3Q972","G3QBU5"
1.59748722612858,"G3N4W6","G3NBG2","G3NG11","G3NJS1","G3NPA2","G3NS10","G3NSC0","G3NZN3","G3P584","G3PCE2","G3PCG6","G3PEH1","G3PJ29","G3PLE8","G3PPN8","G3PSB6","G3PY06","G3Q0N5","G3QBU5","G3QCC3"
1.59568506479263,"G3N754","G3N7Z3","G3N8X9","G3NDE4","G3NJS1","G3NT23","G3NTC1","G3P920","G3P970","G3P9S4","G3PJ10","G3PJ29","G3PPP6","G3PQL2","G3PSB5","G3PVG3","G3Q040","G3Q3Z6","G3Q6T4","G3QCC3"
1.59526075422764,"G3N4W6","G3N7Z3","G3NDE4","G3NG11","G3NGV7","G3NJS1","G3NLJ0","G3NRK0","G3NT23","G3NTD6","G3NYB9","G3NZN3","G3P8D8","G3P970","G3PCG6","G3PM61","G3PQX4","G3PYU1","G3Q2Y3","G3Q6T4"
1.59510514140129,"G3N4W6","G3N5P1","G3N7Z3","G3NEJ8","G3NGV7","G3NJS1","G3NJU3","G3NLD8","G3NSC0","G3NW14","G3NXX5","G3P8D8","G3P920","G3PCG6","G3PKP7","G3PLE8","G3PM61","G3PY99","G3PYU1","G3Q0N5"
1.59460890293121,"G3N4W6","G3N556","G3N7Z3","G3NEJ8","G3NG11","G3NJS1","G3NMF2","G3NSC0","G3PCG6","G3PKP7","G3PLE8","G3PPN8","G3PSB6","G3PVG3","G3PY06","G3PY88","G3Q040","G3Q289","G3QBU5","Q804E3"
1.59439787268639,"G3N4W6","G3N577","G3N5P1","G3N7Z3","G3NEJ8","G3NGV7","G3NJS1","G3NJU3","G3NLD8","G3NSC0","G3NW14","G3P920","G3PCG6","G3PJV6","G3PKP7","G3PLE8","G3PQL2","G3PY99","G3PYU1","G3Q0N5"
1.5926074385643,"G3N577","G3N8J1","G3NG11","G3NGV7","G3NJS1","G3NLD8","G3NPA2","G3NSC0","G3P8D8","G3PCG6","G3PEH1","G3PKP7","G3PLE8","G3PP78","G3PY06","G3PY99","G3Q0N5","G3Q393","G3QBL0","G3QCC3"
1.59244233369827,"G3N5P1","G3NBG2","G3NEJ8","G3NG11","G3NLD8","G3NMF2","G3NPA2","G3NW14","G3NZN3","G3PCE2","G3PCG6","G3PIG1","G3PKP7","G3PM61","G3PP08","G3PP78","G3PYA1","G3Q0N5","G3Q972","G3QBU5"
1.59036666154861,"G3N4W6","G3N577","G3N7Z3","G3NG11","G3NGV7","G3NJS1","G3NLJ0","G3NTD6","G3NW14","G3NXQ8","G3NZN3","G3P018","G3P8D8","G3P920","G3PCG6","G3PM61","G3PPP6","G3Q0N5","G3QBU5","G3QCC3"
1.59021644294262,"G3N5P1","G3NBG2","G3NE33","G3NEJ8","G3NG11","G3NLD8","G3NMF2","G3NPA2","G3NW14","G3NZN3","G3PCE2","G3PCG6","G3PKP7","G3PM61","G3PP08","G3PYA1","G3Q0N5","G3Q3X8","G3Q972","G3QBU5"
1.58957098424435,"G3N5P1","G3NBG2","G3NEJ8","G3NG11","G3NLD8","G3NMF2","G3NPA2","G3NW14","G3NZN3","G3PCE2","G3PCG6","G3PKP7","G3PM61","G3PP08","G3PY88","G3PYA1","G3Q0N5","G3Q6T4","G3Q972","G3QBU5"
1.58829283714294,"G3N4W6","G3N577","G3NG11","G3NJS1","G3NMF2","G3NPA2","G3NSC0","G3NUA6","G3NW14","G3P584","G3PCG6","G3PIG1","G3PPN8","G3PSB6","G3PY06","G3PY88","G3PYA1","G3Q0N5","G3QBU5","G3QCC3"
1.58766590058804,"G3N5P1","G3NBG2","G3NEJ8","G3NG11","G3NLD8","G3NMF2","G3NPA2","G3NW14","G3NZN3","G3PCE2","G3PCG6","G3PKP7","G3PM61","G3PP08","G3PY88","G3PYA1","G3Q0N5","G3Q3Z6","G3Q972","G3QBU5"
1.5852438211441,"G3N4W6","G3N754","G3N8X9","G3NG11","G3NGV7","G3NJS1","G3NPA2","G3NSC0","G3NW14","G3NXX5","G3NZN3","G3P584","G3P8D8","G3PCG6","G3PEH1","G3PLE8","G3PPN8","G3PY06","G3Q0N5","G3QCC3"
1.585005402565,"G3N4W6","G3N7Z3","G3NG11","G3NGV7","G3NIG2","G3NJS1","G3NLJ0","G3NW14","G3NXQ8","G3NZN3","G3P8D8","G3P920","G3PCG6","G3PKP7","G3PLE8","G3PM61","G3PY06","G3PY99","G3Q0N5","G3QCC3"
1.58472613990307,"G3N5P1","G3N8X9","G3NBG2","G3NEJ8","G3NG11","G3NLD8","G3NMF2","G3NPA2","G3NW14","G3NZN3","G3P8Y4","G3PCE2","G3PCG6","G3PKP7","G3PM61","G3PP08","G3Q0N5","G3Q2Y3","G3Q972","G3QBU5"
1.58397407829762,"G3N5P1","G3N8J1","G3NBG2","G3NEJ8","G3NLD8","G3NMF2","G3NPA2","G3NW14","G3NZN3","G3P6S6","G3PCE2","G3PCG6","G3PKP7","G3PM61","G3PP08","G3PYA1","G3Q0N5","G3Q2Y3","G3Q972","G3QBU5"
1.58391466736794,"G3N4W6","G3N754","G3N7Z3","G3NG11","G3NGV7","G3NIG2","G3NJS1","G3NW14","G3NZN3","G3P584","G3P8D8","G3P920","G3PA34","G3PLE8","G3PM61","G3PPN8","G3PPP6","G3PYU1","G3Q0N5","G3QCC3"
1.58387222886086,"G3N4W6","G3N5P1","G3NG11","G3NJS1","G3NPA2","G3NSC0","G3NUA6","G3NW14","G3NZN3","G3P584","G3P8D8","G3PCG6","G3PEH1","G3PLE8","G3PPN8","G3PSB6","G3PY06","G3Q0N5","G3QBU5","G3QCC3"
1.5835734307766,"G3N4W6","G3N556","G3N5P1","G3N7Z3","G3NEJ8","G3NG11","G3NGV7","G3NJS1","G3NSC0","G3PCG6","G3PKP7","G3PLE8","G3PPN8","G3PSB6","G3PY06","G3PY88","G3Q040","G3Q289","G3QBU5","Q804E3"
1.58326968550682,"G3N4W6","G3N577","G3N5P1","G3NDE4","G3NG11","G3NGV7","G3NJS1","G3NLJ0","G3NPA2","G3NRK0","G3NTD6","G3P8D8","G3P970","G3PCE1","G3PCG6","G3PM61","G3PY99","G3PYU1","G3Q289","G3Q2Y3"
1.58223067224026,"G3N5P1","G3NBG2","G3NEJ8","G3NLD8","G3NMF2","G3NPA2","G3NW14","G3NZN3","G3P6S6","G3PCE2","G3PCG6","G3PKP7","G3PM61","G3PP08","G3PVK4","G3PYA1","G3Q0N5","G3Q2Y3","G3Q972","G3QBU5"
1.58176629245281,"G3N5P1","G3NBG2","G3NEJ8","G3NG11","G3NLD8","G3NMF2","G3NPA2","G3NW14","G3NZN3","G3P8Y4","G3PCE1","G3PCE2","G3PCG6","G3PKP7","G3PM61","G3PP08","G3PYA1","G3Q0N5","G3Q972","G3QBU5"
1.58129291236401,"G3N5P1","G3NBG2","G3NEJ8","G3NLD8","G3NMF2","G3NPA2","G3NW14","G3NZN3","G3P6S6","G3PCE2","G3PCG6","G3PKP7","G3PM61","G3PP08","G3PY88","G3PYA1","G3Q0N5","G3Q2Y3","G3Q972","G3QBU5"
1.58100557327271,"G3N5P1","G3NBG2","G3NEJ8","G3NG11","G3NLD8","G3NMF2","G3NPA2","G3NW14","G3NZN3","G3PCE2","G3PCG6","G3PKP7","G3PM61","G3PP08","G3PVK4","G3PYA1","G3Q0N5","G3Q6T4","G3Q972","G3QBU5"
1.5796557366848,"G3N4W6","G3NG11","G3NIG2","G3NJS1","G3NPA2","G3NSC0","G3NUA6","G3NW14","G3NZN3","G3P584","G3P8D8","G3PCG6","G3PEH1","G3PLE8","G3PPN8","G3PSB6","G3PY06","G3Q0N5","G3Q6T4","G3QCC3"
1.57857972383499,"G3N4W6","G3N5P1","G3N7Z3","G3NDE4","G3NG11","G3NGV7","G3NJS1","G3NSC0","G3NTD6","G3NXQ8","G3NYB9","G3P018","G3P584","G3P8D8","G3P920","G3PY88","G3PYA1","G3PYU1","G3Q162","G3Q2Y3"
1.57855406403542,"G3N5P1","G3NBG2","G3NE33","G3NEJ8","G3NG11","G3NLD8","G3NMF2","G3NPA2","G3NW14","G3NZN3","G3PCE2","G3PCG6","G3PHA5","G3PKP7","G3PM61","G3PP08","G3PYA1","G3Q0N5","G3Q972","G3QBU5"
1.57810986042023,"G3N754","G3N7Z3","G3N8X9","G3NDE4","G3NJS1","G3NLJ0","G3NT23","G3NTD6","G3NYB9","G3P920","G3P9S4","G3PJ29","G3PPP6","G3PQL2","G3PSB5","G3PVG3","G3Q040","G3Q3Z6","G3Q6T4","G3QCC3"
1.57800482213497,"G3N4W6","G3NG11","G3NIG2","G3NJS1","G3NPA2","G3NS10","G3NSC0","G3NZN3","G3P584","G3PCE2","G3PCG6","G3PEH1","G3PJ29","G3PLE8","G3PPN8","G3PSB6","G3PY06","G3PYU1","G3Q0N5","G3QCC3"
1.57752802968025,"G3N4W6","G3N577","G3N5P1","G3NDE4","G3NG11","G3NGV7","G3NJS1","G3NLJ0","G3NPA2","G3NRK0","G3NT23","G3NTD6","G3NZN3","G3P8D8","G3PCG6","G3PM61","G3PY99","G3PYU1","G3Q0N5","G3Q2Y3"
1.57724350690842,"G3N5P1","G3NBG2","G3NEJ8","G3NG11","G3NLD8","G3NMF2","G3NPA2","G3NW14","G3NZN3","G3PCE2","G3PCG6","G3PHH2","G3PKP7","G3PM61","G3PP08","G3PYA1","G3Q0N5","G3Q6T4","G3Q972","G3QBU5"
1.57639908790588,"G3N5P1","G3NBG2","G3NE33","G3NEJ8","G3NG11","G3NLD8","G3NMF2","G3NPA2","G3NW14","G3NZN3","G3P6S6","G3PCE2","G3PCG6","G3PKP7","G3PM61","G3PP08","G3PYA1","G3Q0N5","G3Q972","G3QBU5"
1.57599158585072,"G3N4W6","G3N8X9","G3NG11","G3NJS1","G3NPA2","G3NSC0","G3NUA6","G3NW14","G3NZN3","G3P584","G3P8D8","G3PCE2","G3PCG6","G3PEH1","G3PLE8","G3PPN8","G3PSB6","G3PY06","G3Q0N5","G3QCC3"
1.57573264837265,"G3N4W6","G3N5P1","G3N7Z3","G3NEJ8","G3NG11","G3NGV7","G3NJS1","G3NPV3","G3NSC0","G3NW14","G3PCG6","G3PEH1","G3PKP7","G3PLE8","G3PPN8","G3PSB6","G3Q040","G3Q3X8","G3QBU5","Q804E3"
1.57567767798901,"G3N5P1","G3N8J1","G3NBG2","G3NE33","G3NEJ8","G3NLD8","G3NMF2","G3NPA2","G3NW14","G3NZN3","G3PCE2","G3PCG6","G3PKP7","G3PM61","G3PP08","G3PYA1","G3Q0N5","G3Q3Z6","G3Q972","G3QBU5"
1.57542872428894,"G3N4W6","G3N577","G3N7Z3","G3NG11","G3NGV7","G3NJS1","G3NLJ0","G3NXQ8","G3NZN3","G3P018","G3P8D8","G3P920","G3PCG6","G3PKP7","G3PLE8","G3PM61","G3PY06","G3PY99","G3Q0N5","G3QCC3"
1.575414955616,"G3N5P1","G3NBG2","G3NEJ8","G3NG11","G3NIG2","G3NLD8","G3NMF2","G3NPA2","G3NW14","G3NZN3","G3PCE2","G3PCG6","G3PIG1","G3PKP7","G3PM61","G3PP08","G3PYA1","G3Q0N5","G3Q972","G3QBU5"
1.57456803321838,"G3N4W6","G3NG11","G3NIG2","G3NJS1","G3NPA2","G3NUA6","G3NW14","G3NZN3","G3P584","G3P8D8","G3PCE2","G3PCG6","G3PEH1","G3PLE8","G3PPN8","G3PSB6","G3PY06","G3Q0N5","G3Q2Y3","G3QCC3"
1.57410196959972,"G3N4W6","G3N7Z3","G3NG11","G3NGV7","G3NJS1","G3NLD8","G3NS10","G3NSC0","G3NXX5","G3NZN3","G3P8D8","G3P920","G3PCG6","G3PKP7","G3PLE8","G3PM61","G3PY99","G3Q0N5","G3Q6T4","G3QCC3"
1.57372549176216,"G3N4W6","G3NG11","G3NIG2","G3NJS1","G3NPA2","G3NSC0","G3NUA6","G3NW14","G3NZN3","G3P584","G3P8D8","G3PCG6","G3PEH1","G3PLE8","G3PPN8","G3PSB6","G3PY06","G3PY99","G3Q0N5","G3QCC3"
1.57367013394833,"G3N5P1","G3N8X9","G3NBG2","G3NEJ8","G3NG11","G3NLD8","G3NMF2","G3NPA2","G3NW14","G3NZN3","G3P8Y4","G3PCE1","G3PCE2","G3PCG6","G3PKP7","G3PM61","G3PP08","G3Q0N5","G3Q972","G3QBU5"
1.57361564040184,"G3N4W6","G3N7Z3","G3NG11","G3NIG2","G3NJS1","G3NPA2","G3NSC0","G3NUA6","G3NZN3","G3P584","G3PCE2","G3PCG6","G3PJ29","G3PLE8","G3PPN8","G3PSB6","G3PY06","G3PY99","G3Q0N5","G3QCC3"
1.57357797026634,"G3N7Z3","G3N8X9","G3NBG2","G3NEJ8","G3NLD8","G3NPA2","G3NW14","G3NYB9","G3NZN3","G3PA34","G3PCE1","G3PEH1","G3PKP7","G3PLE8","G3PM61","G3PY99","G3PYA1","G3Q0N5","G3Q3X8","G3Q972"
1.57331937551498,"G3N4W6","G3N556","G3N7Z3","G3NEJ8","G3NG11","G3NJS1","G3NSC0","G3NXQ8","G3NXX5","G3PCG6","G3PKP7","G3PLE8","G3PPN8","G3PSB6","G3PVG3","G3PY06","G3Q040","G3Q289","G3QBU5","Q804E3"
1.57258747518063,"G3N4W6","G3N577","G3N5P1","G3N7Z3","G3NG11","G3NGV7","G3NJS1","G3NLD8","G3NS10","G3NSC0","G3NZN3","G3P8D8","G3P920","G3PCG6","G3PKP7","G3PM61","G3PY06","G3PY99","G3Q0N5","G3QCC3"
1.57216793298721,"G3N4W6","G3NBG2","G3NG11","G3NJS1","G3NPA2","G3NS10","G3NSC0","G3NZN3","G3P584","G3PCE2","G3PCG6","G3PEH1","G3PJ29","G3PLE8","G3PPN8","G3PSB6","G3PY06","G3Q0N5","G3QBL0","G3QCC3"
1.57216349244118,"G3N4W6","G3NBG2","G3NG11","G3NIG2","G3NJS1","G3NPA2","G3NSC0","G3NUA6","G3NW14","G3NZN3","G3P584","G3P8D8","G3PCG6","G3PEH1","G3PLE8","G3PPN8","G3PSB6","G3PY06","G3Q0N5","G3QCC3"
1.57169935107231,"G3N5P1","G3N8J1","G3NBG2","G3NEJ8","G3NG11","G3NLD8","G3NMF2","G3NPA2","G3NW14","G3NZN3","G3PCE2","G3PCG6","G3PKP7","G3PM61","G3PP08","G3PVK4","G3PYA1","G3Q0N5","G3Q972","G3QBU5"
1.57151871919632,"G3N4W6","G3NBG2","G3NG11","G3NJS1","G3NPA2","G3NS10","G3NSC0","G3NZN3","G3P584","G3P970","G3PCE2","G3PCG6","G3PEH1","G3PJ29","G3PLE8","G3PPN8","G3PSB6","G3PY06","G3Q0N5","G3QCC3"
1.57098758220673,"G3N4W6","G3NG11","G3NJS1","G3NPA2","G3NS10","G3NSC0","G3NUA6","G3NXX5","G3NZN3","G3P584","G3PCE2","G3PCG6","G3PEH1","G3PJ29","G3PLE8","G3PPN8","G3PSB6","G3PY06","G3Q0N5","G3QCC3"
1.57072499394417,"G3N4W6","G3N577","G3N7Z3","G3NG11","G3NGV7","G3NJS1","G3NLJ0","G3NS10","G3NW14","G3NXQ8","G3NZN3","G3P8D8","G3P920","G3PCG6","G3PKP7","G3PM61","G3PY06","G3PY99","G3Q0N5","G3QCC3"
1.57057857513428,"G3N4W6","G3N754","G3N7Z3","G3NG11","G3NGV7","G3NJS1","G3NW14","G3NXQ8","G3NZN3","G3P584","G3P8D8","G3P920","G3PA34","G3PLE8","G3PM61","G3PPN8","G3PY99","G3PYU1","G3Q0N5","G3QCC3"
1.57014110684395,"G3N4W6","G3N754","G3N7Z3","G3NDE4","G3NG11","G3NGV7","G3NIG2","G3NJS1","G3NPA2","G3NW14","G3NZN3","G3P584","G3P8D8","G3P920","G3P970","G3PLE8","G3PPN8","G3PYU1","G3Q0N5","G3QCC3"
1.57004071772099,"G3N4W6","G3N7Z3","G3NG11","G3NGV7","G3NIG2","G3NJS1","G3NPA2","G3NRK0","G3NT23","G3NZN3","G3P8D8","G3P970","G3PCG6","G3PDV0","G3PM61","G3PPN8","G3PPP6","G3PVK4","G3PYU1","G3Q2Y3"
1.57000610232353,"G3N4W6","G3N556","G3N7Z3","G3NEJ8","G3NGV7","G3NIG2","G3NJS1","G3NMF2","G3NPA2","G3NSC0","G3P584","G3PCG6","G3PLE8","G3PPN8","G3PSB6","G3PY06","G3PY88","G3Q040","G3Q289","Q804E3"
1.56999476253986,"G3N4W6","G3N577","G3N7Z3","G3NDE4","G3NE33","G3NG11","G3NGV7","G3NJS1","G3NRK0","G3NSC0","G3NW14","G3NYB9","G3P018","G3P584","G3P8D8","G3PCE1","G3PEH1","G3PY99","G3PYA1","G3PYU1"
1.56980299949646,"G3N8X9","G3NBG2","G3NE33","G3NEJ8","G3NG11","G3NLD8","G3NMF2","G3NPA2","G3NW14","G3NZN3","G3PCE2","G3PCG6","G3PIG1","G3PKP7","G3PM61","G3PP08","G3Q0N5","G3Q2Y3","G3Q972","G3QBU5"
1.56976960599422,"G3N5P1","G3NBG2","G3NEJ8","G3NG11","G3NLD8","G3NMF2","G3NPA2","G3NW14","G3NZN3","G3PCE2","G3PCG6","G3PEH1","G3PKP7","G3PM61","G3PP08","G3PYA1","G3Q0N5","G3Q3X8","G3Q972","G3QBU5"
1.56975378096104,"G3N5P1","G3NBG2","G3NEJ8","G3NG11","G3NLD8","G3NMF2","G3NPA2","G3NW14","G3NZN3","G3PCE1","G3PCE2","G3PCG6","G3PKP7","G3PM61","G3PP08","G3PY88","G3PYA1","G3Q0N5","G3Q972","G3QBU5"
1.5689148157835,"G3N5P1","G3NBG2","G3NEJ8","G3NG11","G3NLD8","G3NMF2","G3NPA2","G3NW14","G3NZN3","G3PCE2","G3PCG6","G3PKP7","G3PM61","G3PP08","G3PY88","G3PYA1","G3Q0N5","G3Q3X8","G3Q972","G3QBU5"
1.56882745027542,"G3N4W6","G3N556","G3N7Z3","G3NEJ8","G3NGV7","G3NIG2","G3NJS1","G3NMF2","G3NS10","G3NSC0","G3NXQ8","G3P584","G3PCG6","G3PLE8","G3PPN8","G3PSB6","G3Q040","G3Q289","G3QBU5","Q804E3"
1.5686716735363,"G3N5P1","G3NBG2","G3NEJ8","G3NG11","G3NLD8","G3NMF2","G3NPA2","G3NW14","G3NZN3","G3P7V9","G3PCE2","G3PCG6","G3PKP7","G3PM61","G3PP08","G3PYA1","G3Q0N5","G3Q972","G3QBL0","G3QBU5"
1.56833028793335,"G3N754","G3N7Z3","G3N8X9","G3NDE4","G3NJS1","G3NLJ0","G3NT23","G3NYB9","G3P920","G3P9S4","G3PJ29","G3PPP6","G3PQL2","G3PSB5","G3PVG3","G3PYA1","G3Q040","G3Q3Z6","G3Q6T4","G3QCC3"
1.56813278794289,"G3N4W6","G3N556","G3N7Z3","G3NEJ8","G3NGV7","G3NIG2","G3NJS1","G3NMF2","G3NSC0","G3NXQ8","G3P584","G3PA34","G3PCG6","G3PLE8","G3PPN8","G3PSB6","G3Q040","G3Q289","G3QBU5","Q804E3"
1.56800293922424,"G3N4W6","G3N7Z3","G3NBG2","G3NG11","G3NJS1","G3NPA2","G3NS10","G3NSC0","G3NUA6","G3NZN3","G3P584","G3PCE2","G3PCG6","G3PJ29","G3PLE8","G3PPN8","G3PSB6","G3PY06","G3Q0N5","G3QCC3"
1.56793761253357,"G3N4W6","G3N577","G3N7Z3","G3NDE4","G3NE33","G3NG11","G3NGV7","G3NJS1","G3NLJ0","G3NRK0","G3NT23","G3NTD6","G3NW14","G3NYB9","G3P584","G3P8D8","G3PA34","G3PY99","G3PYU1","G3Q6T4"
1.56792416423559,"G3N5P1","G3NBG2","G3NE33","G3NEJ8","G3NG11","G3NIG2","G3NLD8","G3NMF2","G3NPA2","G3NW14","G3NZN3","G3PCE2","G3PCG6","G3PKP7","G3PM61","G3PP08","G3PYA1","G3Q0N5","G3Q972","G3QBU5"
1.56775543093681,"G3N4W6","G3N754","G3N7Z3","G3NG11","G3NGV7","G3NJS1","G3NLJ0","G3NW14","G3NXQ8","G3NZN3","G3P8D8","G3P920","G3PCG6","G3PKP7","G3PLE8","G3PM61","G3PPN8","G3PY06","G3Q0N5","G3QCC3"
1.56770342588425,"G3N4W6","G3NBG2","G3NG11","G3NJS1","G3NPA2","G3NS10","G3NSC0","G3NW14","G3NZN3","G3P584","G3PCE2","G3PCG6","G3PEH1","G3PJ29","G3PJV6","G3PLE8","G3PPN8","G3PSB6","G3PY06","G3QCC3"
1.56744582951069,"G3N4W6","G3NG11","G3NJS1","G3NPA2","G3NSC0","G3NT23","G3NUA6","G3NW14","G3NZN3","G3P584","G3P8D8","G3PCG6","G3PEH1","G3PLE8","G3PPN8","G3PSB6","G3PY06","G3Q0N5","G3QBU5","G3QCC3"
1.56739866733551,"G3N5P1","G3NBG2","G3NEJ8","G3NG11","G3NLD8","G3NMF2","G3NPA2","G3NW14","G3NZN3","G3PCE1","G3PCE2","G3PCG6","G3PKP7","G3PM61","G3PP08","G3PVK4","G3PYA1","G3Q0N5","G3Q972","G3QBU5"
1.56729573011398,"G3N4W6","G3N577","G3N7Z3","G3NG11","G3NGV7","G3NJS1","G3NLJ0","G3NXQ8","G3NZN3","G3P8D8","G3P920","G3PCG6","G3PKP7","G3PLE8","G3PM61","G3PPP6","G3PY06","G3PY99","G3Q0N5","G3QCC3"
1.56653007864952,"G3N4W6","G3N754","G3N7Z3","G3NG11","G3NGV7","G3NIG2","G3NJS1","G3NW14","G3NXQ8","G3NZN3","G3P584","G3P8D8","G3P920","G3PA34","G3PLE8","G3PM61","G3PPN8","G3PYU1","G3Q0N5","G3QCC3"
